t,position,velocity
0,1,0
0.01,0.99995,-0.00998984
0.02,0.9998,-0.0199587
0.03,0.999551,-0.0299057
0.04,0.999202,-0.0398298
0.05,0.998754,-0.0497301
0.06,0.998208,-0.0596057
0.07,0.997562,-0.0694555
0.08,0.996819,-0.0792788
0.09,0.995977,-0.0890745
0.1,0.995037,-0.0988417
0.11,0.994,-0.10858
0.12,0.992866,-0.118287
0.13,0.991635,-0.127963
0.14,0.990307,-0.137608
0.15,0.988882,-0.147219
0.16,0.987362,-0.156796
0.17,0.985747,-0.166339
0.18,0.984036,-0.175845
0.19,0.98223,-0.185316
0.2,0.98033,-0.194748
0.21,0.978335,-0.204143
0.22,0.976247,-0.213498
0.23,0.974065,-0.222814
0.24,0.971791,-0.232088
0.25,0.969424,-0.241321
0.26,0.966964,-0.250511
0.27,0.964414,-0.259658
0.28,0.961771,-0.26876
0.29,0.959038,-0.277818
0.3,0.956215,-0.28683
0.31,0.953302,-0.295795
0.32,0.950299,-0.304712
0.33,0.947208,-0.313581
0.34,0.944028,-0.322402
0.35,0.94076,-0.331172
0.36,0.937405,-0.339892
0.37,0.933962,-0.34856
0.38,0.930434,-0.357177
0.39,0.926819,-0.36574
0.4,0.923119,-0.37425
0.41,0.919334,-0.382705
0.42,0.915465,-0.391106
0.43,0.911512,-0.39945
0.44,0.907476,-0.407738
0.45,0.903358,-0.415968
0.46,0.899157,-0.424141
0.47,0.894875,-0.432255
0.48,0.890512,-0.440309
0.49,0.886069,-0.448303
0.5,0.881546,-0.456237
0.51,0.876945,-0.464109
0.52,0.872264,-0.471919
0.53,0.867506,-0.479667
0.54,0.862671,-0.48735
0.55,0.85776,-0.49497
0.56,0.852772,-0.502526
0.57,0.847709,-0.510015
0.58,0.842572,-0.517439
0.59,0.837361,-0.524797
0.6,0.832076,-0.532087
0.61,0.826719,-0.53931
0.62,0.82129,-0.546464
0.63,0.81579,-0.55355
0.64,0.81022,-0.560566
0.65,0.804579,-0.567512
0.66,0.79887,-0.574387
0.67,0.793092,-0.581191
0.68,0.787246,-0.587924
0.69,0.781333,-0.594584
0.7,0.775355,-0.601172
0.71,0.76931,-0.607687
0.72,0.763201,-0.614127
0.73,0.757028,-0.620494
0.74,0.750791,-0.626786
0.75,0.744492,-0.633002
0.76,0.738132,-0.639143
0.77,0.73171,-0.645208
0.78,0.725228,-0.651197
0.79,0.718686,-0.657108
0.8,0.712086,-0.662942
0.81,0.705428,-0.668698
0.82,0.698712,-0.674375
0.83,0.69194,-0.679974
0.84,0.685113,-0.685494
0.85,0.678231,-0.690935
0.86,0.671294,-0.696295
0.87,0.664305,-0.701575
0.88,0.657263,-0.706775
0.89,0.65017,-0.711893
0.9,0.643026,-0.71693
0.91,0.635832,-0.721886
0.92,0.628588,-0.726759
0.93,0.621297,-0.73155
0.94,0.613957,-0.736259
0.95,0.606572,-0.740884
0.96,0.59914,-0.745427
0.97,0.591663,-0.749885
0.98,0.584143,-0.75426
0.99,0.576579,-0.758551
1,0.568972,-0.762758
1.01,0.561324,-0.76688
1.02,0.553635,-0.770917
1.03,0.545906,-0.774868
1.04,0.538137,-0.778735
1.05,0.530331,-0.782516
1.06,0.522487,-0.786212
1.07,0.514607,-0.789821
1.08,0.506691,-0.793344
1.09,0.498741,-0.796781
1.1,0.490756,-0.800132
1.11,0.482738,-0.803396
1.12,0.474688,-0.806573
1.13,0.466607,-0.809663
1.14,0.458495,-0.812667
1.15,0.450354,-0.815583
1.16,0.442184,-0.818411
1.17,0.433986,-0.821153
1.18,0.425761,-0.823806
1.19,0.41751,-0.826373
1.2,0.409234,-0.828851
1.21,0.400934,-0.831242
1.22,0.39261,-0.833545
1.23,0.384263,-0.83576
1.24,0.375895,-0.837887
1.25,0.367506,-0.839926
1.26,0.359096,-0.841877
1.27,0.350668,-0.843741
1.28,0.342222,-0.845516
1.29,0.333758,-0.847203
1.3,0.325278,-0.848802
1.31,0.316782,-0.850313
1.32,0.308272,-0.851737
1.33,0.299748,-0.853072
1.34,0.291211,-0.854319
1.35,0.282662,-0.855479
1.36,0.274102,-0.856551
1.37,0.265531,-0.857535
1.38,0.256951,-0.858431
1.39,0.248363,-0.85924
1.4,0.239767,-0.859961
1.41,0.231164,-0.860596
1.42,0.222555,-0.861142
1.43,0.213941,-0.861602
1.44,0.205323,-0.861975
1.45,0.196702,-0.862261
1.46,0.188079,-0.86246
1.47,0.179453,-0.862572
1.48,0.170827,-0.862599
1.49,0.162202,-0.862539
1.5,0.153577,-0.862393
1.51,0.144954,-0.862161
1.52,0.136334,-0.861843
1.53,0.127717,-0.86144
1.54,0.119105,-0.860952
1.55,0.110499,-0.860378
1.56,0.101898,-0.85972
1.57,0.0933046,-0.858978
1.58,0.0847189,-0.858151
1.59,0.0761418,-0.85724
1.6,0.0675744,-0.856245
1.61,0.0590172,-0.855166
1.62,0.0504713,-0.854004
1.63,0.0419374,-0.85276
1.64,0.0334164,-0.851432
1.65,0.0249091,-0.850022
1.66,0.0164162,-0.84853
1.67,0.00793872,-0.846957
1.68,-0.000522636,-0.845301
1.69,-0.00896704,-0.843565
1.7,-0.0173937,-0.841748
1.71,-0.0258017,-0.83985
1.72,-0.0341904,-0.837873
1.73,-0.0425589,-0.835815
1.74,-0.0509064,-0.833678
1.75,-0.0592322,-0.831462
1.76,-0.0675354,-0.829168
1.77,-0.0758153,-0.826795
1.78,-0.0840711,-0.824345
1.79,-0.0923019,-0.821817
1.8,-0.100507,-0.819211
1.81,-0.108686,-0.81653
1.82,-0.116837,-0.813772
1.83,-0.124961,-0.810938
1.84,-0.133056,-0.808029
1.85,-0.141121,-0.805045
1.86,-0.149157,-0.801986
1.87,-0.157161,-0.798854
1.88,-0.165133,-0.795648
1.89,-0.173074,-0.792369
1.9,-0.180981,-0.789017
1.91,-0.188854,-0.785593
1.92,-0.196692,-0.782098
1.93,-0.204495,-0.778531
1.94,-0.212263,-0.774894
1.95,-0.219993,-0.771187
1.96,-0.227686,-0.76741
1.97,-0.235341,-0.763563
1.98,-0.242957,-0.759649
1.99,-0.250534,-0.755666
2,-0.25807,-0.751616
2.01,-0.265566,-0.747498
2.02,-0.27302,-0.743314
2.03,-0.280432,-0.739065
2.04,-0.287801,-0.73475
2.05,-0.295127,-0.73037
2.06,-0.302408,-0.725926
2.07,-0.309645,-0.721418
2.08,-0.316836,-0.716847
2.09,-0.323982,-0.712214
2.1,-0.33108,-0.707519
2.11,-0.338132,-0.702763
2.12,-0.345136,-0.697946
2.13,-0.352091,-0.693068
2.14,-0.358997,-0.688132
2.15,-0.365853,-0.683136
2.16,-0.372659,-0.678082
2.17,-0.379415,-0.672971
2.18,-0.386118,-0.667802
2.19,-0.39277,-0.662578
2.2,-0.39937,-0.657297
2.21,-0.405916,-0.651961
2.22,-0.412409,-0.646571
2.23,-0.418847,-0.641127
2.24,-0.425231,-0.63563
2.25,-0.43156,-0.63008
2.26,-0.437833,-0.624478
2.27,-0.444049,-0.618826
2.28,-0.450209,-0.613122
2.29,-0.456312,-0.607369
2.3,-0.462356,-0.601567
2.31,-0.468343,-0.595716
2.32,-0.47427,-0.589817
2.33,-0.480139,-0.583872
2.34,-0.485948,-0.577879
2.35,-0.491696,-0.571841
2.36,-0.497384,-0.565758
2.37,-0.503011,-0.559631
2.38,-0.508577,-0.55346
2.39,-0.51408,-0.547246
2.4,-0.519522,-0.540989
2.41,-0.5249,-0.534692
2.42,-0.530215,-0.528353
2.43,-0.535467,-0.521974
2.44,-0.540655,-0.515556
2.45,-0.545778,-0.509099
2.46,-0.550837,-0.502604
2.47,-0.55583,-0.496072
2.48,-0.560758,-0.489504
2.49,-0.56562,-0.482899
2.5,-0.570416,-0.47626
2.51,-0.575145,-0.469586
2.52,-0.579807,-0.462879
2.53,-0.584402,-0.456139
2.54,-0.58893,-0.449366
2.55,-0.59339,-0.442563
2.56,-0.597781,-0.435729
2.57,-0.602104,-0.428865
2.58,-0.606358,-0.421971
2.59,-0.610543,-0.41505
2.6,-0.614659,-0.408101
2.61,-0.618705,-0.401124
2.62,-0.622682,-0.394122
2.63,-0.626588,-0.387095
2.64,-0.630423,-0.380042
2.65,-0.634188,-0.372966
2.66,-0.637883,-0.365867
2.67,-0.641506,-0.358745
2.68,-0.645058,-0.351602
2.69,-0.648538,-0.344438
2.7,-0.651946,-0.337254
2.71,-0.655283,-0.33005
2.72,-0.658547,-0.322828
2.73,-0.661739,-0.315588
2.74,-0.664859,-0.308331
2.75,-0.667906,-0.301058
2.76,-0.67088,-0.293769
2.77,-0.673781,-0.286466
2.78,-0.676609,-0.279148
2.79,-0.679364,-0.271817
2.8,-0.682046,-0.264474
2.81,-0.684653,-0.257119
2.82,-0.687188,-0.249752
2.83,-0.689649,-0.242376
2.84,-0.692035,-0.23499
2.85,-0.694348,-0.227596
2.86,-0.696587,-0.220193
2.87,-0.698752,-0.212783
2.88,-0.700843,-0.205367
2.89,-0.702859,-0.197945
2.9,-0.704802,-0.190518
2.91,-0.70667,-0.183087
2.92,-0.708464,-0.175653
2.93,-0.710183,-0.168216
2.94,-0.711828,-0.160777
2.95,-0.713398,-0.153336
2.96,-0.714895,-0.145896
2.97,-0.716316,-0.138455
2.98,-0.717664,-0.131016
2.99,-0.718937,-0.123578
3,-0.720135,-0.116143
3.01,-0.721259,-0.108711
3.02,-0.722309,-0.101283
3.03,-0.723285,-0.09386
3.04,-0.724187,-0.0864422
3.05,-0.725014,-0.0790307
3.06,-0.725767,-0.0716261
3.07,-0.726447,-0.0642291
3.08,-0.727052,-0.0568405
3.09,-0.727583,-0.0494609
3.1,-0.728041,-0.0420912
3.11,-0.728425,-0.034732
3.12,-0.728736,-0.027384
3.13,-0.728973,-0.020048
3.14,-0.729137,-0.0127246
3.15,-0.729228,-0.00541456
3.16,-0.729245,0.0018814
3.17,-0.72919,0.00916259
3.18,-0.729062,0.0164283
3.19,-0.728861,0.0236779
3.2,-0.728588,0.0309106
3.21,-0.728243,0.0381258
3.22,-0.727826,0.0453227
3.23,-0.727337,0.0525008
3.24,-0.726776,0.0596592
3.25,-0.726144,0.0667974
3.26,-0.72544,0.0739147
3.27,-0.724666,0.0810104
3.28,-0.72382,0.0880838
3.29,-0.722904,0.0951342
3.3,-0.721917,0.102161
3.31,-0.720861,0.109164
3.32,-0.719734,0.116141
3.33,-0.718538,0.123094
3.34,-0.717272,0.13002
3.35,-0.715938,0.136919
3.36,-0.714534,0.14379
3.37,-0.713062,0.150634
3.38,-0.711522,0.157449
3.39,-0.709913,0.164235
3.4,-0.708237,0.17099
3.41,-0.706493,0.177715
3.42,-0.704683,0.184409
3.43,-0.702805,0.191071
3.44,-0.700862,0.197701
3.45,-0.698852,0.204297
3.46,-0.696776,0.21086
3.47,-0.694634,0.217389
3.48,-0.692428,0.223883
3.49,-0.690157,0.230342
3.5,-0.687821,0.236765
3.51,-0.685422,0.243151
3.52,-0.682958,0.2495
3.53,-0.680432,0.255812
3.54,-0.677842,0.262086
3.55,-0.67519,0.26832
3.56,-0.672476,0.274516
3.57,-0.6697,0.280672
3.58,-0.666863,0.286787
3.59,-0.663964,0.292862
3.6,-0.661006,0.298895
3.61,-0.657987,0.304886
3.62,-0.654908,0.310835
3.63,-0.65177,0.316741
3.64,-0.648573,0.322603
3.65,-0.645318,0.328421
3.66,-0.642005,0.334195
3.67,-0.638634,0.339925
3.68,-0.635207,0.345608
3.69,-0.631722,0.351246
3.7,-0.628182,0.356838
3.71,-0.624586,0.362382
3.72,-0.620935,0.36788
3.73,-0.617228,0.373329
3.74,-0.613468,0.378731
3.75,-0.609654,0.384084
3.76,-0.605787,0.389387
3.77,-0.601866,0.394642
3.78,-0.597894,0.399846
3.79,-0.59387,0.405
3.8,-0.589794,0.410103
3.81,-0.585668,0.415155
3.82,-0.581491,0.420156
3.83,-0.577265,0.425104
3.84,-0.572989,0.430001
3.85,-0.568665,0.434844
3.86,-0.564293,0.439634
3.87,-0.559872,0.444371
3.88,-0.555405,0.449054
3.89,-0.550892,0.453683
3.9,-0.546332,0.458257
3.91,-0.541727,0.462776
3.92,-0.537076,0.467241
3.93,-0.532382,0.471649
3.94,-0.527644,0.476001
3.95,-0.522862,0.480298
3.96,-0.518038,0.484537
3.97,-0.513172,0.48872
3.98,-0.508264,0.492846
3.99,-0.503315,0.496914
4,-0.498326,0.500924
4.01,-0.493297,0.504877
4.02,-0.488228,0.508771
4.03,-0.483121,0.512606
4.04,-0.477976,0.516383
4.05,-0.472794,0.5201
4.06,-0.467575,0.523758
4.07,-0.462319,0.527356
4.08,-0.457028,0.530895
4.09,-0.451701,0.534373
4.1,-0.44634,0.537791
4.11,-0.440946,0.541149
4.12,-0.435518,0.544446
4.13,-0.430057,0.547681
4.14,-0.424564,0.550856
4.15,-0.41904,0.553969
4.16,-0.413485,0.557021
4.17,-0.4079,0.560011
4.18,-0.402285,0.562939
4.19,-0.396641,0.565805
4.2,-0.390969,0.568608
4.21,-0.385269,0.57135
4.22,-0.379542,0.574028
4.23,-0.373789,0.576644
4.24,-0.36801,0.579197
4.25,-0.362205,0.581688
4.26,-0.356376,0.584115
4.27,-0.350523,0.586479
4.28,-0.344647,0.588779
4.29,-0.338748,0.591016
4.3,-0.332827,0.59319
4.31,-0.326884,0.5953
4.32,-0.320921,0.597346
4.33,-0.314937,0.599329
4.34,-0.308934,0.601248
4.35,-0.302913,0.603103
4.36,-0.296873,0.604894
4.37,-0.290815,0.606621
4.38,-0.28474,0.608284
4.39,-0.27865,0.609882
4.4,-0.272543,0.611417
4.41,-0.266421,0.612887
4.42,-0.260285,0.614294
4.43,-0.254136,0.615636
4.44,-0.247973,0.616914
4.45,-0.241798,0.618128
4.46,-0.235611,0.619277
4.47,-0.229412,0.620363
4.48,-0.223204,0.621384
4.49,-0.216985,0.622341
4.5,-0.210757,0.623235
4.51,-0.20452,0.624064
4.52,-0.198276,0.624829
4.53,-0.192024,0.62553
4.54,-0.185765,0.626167
4.55,-0.179501,0.626741
4.56,-0.173231,0.62725
4.57,-0.166956,0.627696
4.58,-0.160677,0.628079
4.59,-0.154395,0.628397
4.6,-0.148109,0.628653
4.61,-0.141822,0.628845
4.62,-0.135533,0.628974
4.63,-0.129243,0.62904
4.64,-0.122952,0.629043
4.65,-0.116662,0.628983
4.66,-0.110373,0.62886
4.67,-0.104085,0.628675
4.68,-0.0977994,0.628427
4.69,-0.0915166,0.628117
4.7,-0.0852373,0.627745
4.71,-0.0789619,0.627311
4.72,-0.0726913,0.626815
4.73,-0.0664258,0.626258
4.74,-0.0601663,0.625639
4.75,-0.0539133,0.624958
4.76,-0.0476673,0.624217
4.77,-0.0414291,0.623415
4.78,-0.0351992,0.622552
4.79,-0.0289783,0.621629
4.8,-0.0227669,0.620645
4.81,-0.0165656,0.619602
4.82,-0.010375,0.618498
4.83,-0.00419581,0.617335
4.84,0.00197148,0.616113
4.85,0.00812625,0.614831
4.86,0.0142679,0.613491
4.87,0.0203959,0.612092
4.88,0.0265096,0.610635
4.89,0.0326084,0.60912
4.9,0.0386918,0.607546
4.91,0.0447591,0.605916
4.92,0.0508099,0.604228
4.93,0.0568435,0.602483
4.94,0.0628593,0.600681
4.95,0.0688569,0.598823
4.96,0.0748356,0.596909
4.97,0.0807949,0.594939
4.98,0.0867342,0.592913
4.99,0.092653,0.590832
5,0.0985507,0.588697
5.01,0.104427,0.586507
5.02,0.110281,0.584262
5.03,0.116112,0.581964
5.04,0.12192,0.579612
5.05,0.127704,0.577207
5.06,0.133464,0.57475
5.07,0.139199,0.572239
5.08,0.144908,0.569677
5.09,0.150592,0.567062
5.1,0.156249,0.564397
5.11,0.16188,0.56168
5.12,0.167483,0.558913
5.13,0.173058,0.556095
5.14,0.178605,0.553227
5.15,0.184122,0.55031
5.16,0.189611,0.547344
5.17,0.195069,0.544329
5.18,0.200497,0.541265
5.19,0.205894,0.538154
5.2,0.21126,0.534995
5.21,0.216594,0.531789
5.22,0.221896,0.528536
5.23,0.227164,0.525237
5.24,0.2324,0.521892
5.25,0.237602,0.518501
5.26,0.24277,0.515066
5.27,0.247903,0.511586
5.28,0.253002,0.508062
5.29,0.258064,0.504494
5.3,0.263091,0.500882
5.31,0.268082,0.497228
5.32,0.273036,0.493532
5.33,0.277952,0.489794
5.34,0.282831,0.486014
5.35,0.287673,0.482193
5.36,0.292475,0.478332
5.37,0.297239,0.474431
5.38,0.301964,0.47049
5.39,0.306649,0.466509
5.4,0.311294,0.462491
5.41,0.315898,0.458434
5.42,0.320462,0.454339
5.43,0.324985,0.450207
5.44,0.329466,0.446039
5.45,0.333906,0.441834
5.46,0.338303,0.437594
5.47,0.342657,0.433318
5.48,0.346969,0.429007
5.49,0.351237,0.424663
5.5,0.355462,0.420284
5.51,0.359643,0.415872
5.52,0.36378,0.411428
5.53,0.367871,0.406951
5.54,0.371918,0.402443
5.55,0.37592,0.397903
5.56,0.379876,0.393333
5.57,0.383787,0.388733
5.58,0.387651,0.384102
5.59,0.391469,0.379443
5.6,0.39524,0.374755
5.61,0.398964,0.37004
5.62,0.40264,0.365296
5.63,0.40627,0.360526
5.64,0.409851,0.355729
5.65,0.413384,0.350906
5.66,0.416869,0.346058
5.67,0.420305,0.341185
5.68,0.423693,0.336287
5.69,0.427031,0.331366
5.7,0.43032,0.326421
5.71,0.433559,0.321454
5.72,0.436749,0.316464
5.73,0.439888,0.311453
5.74,0.442978,0.306421
5.75,0.446017,0.301368
5.76,0.449005,0.296295
5.77,0.451943,0.291203
5.78,0.454829,0.286092
5.79,0.457664,0.280962
5.8,0.460448,0.275815
5.81,0.463181,0.27065
5.82,0.465861,0.265469
5.83,0.46849,0.260271
5.84,0.471067,0.255058
5.85,0.473591,0.24983
5.86,0.476063,0.244587
5.87,0.478483,0.239331
5.88,0.48085,0.23406
5.89,0.483164,0.228778
5.9,0.485425,0.223482
5.91,0.487634,0.218175
5.92,0.489789,0.212857
5.93,0.491891,0.207528
5.94,0.493939,0.202189
5.95,0.495934,0.196841
5.96,0.497876,0.191483
5.97,0.499764,0.186118
5.98,0.501598,0.180744
5.99,0.503379,0.175363
6,0.505106,0.169975
6.01,0.506778,0.164581
6.02,0.508397,0.159181
6.03,0.509962,0.153777
6.04,0.511473,0.148367
6.05,0.512929,0.142954
6.06,0.514332,0.137537
6.07,0.51568,0.132117
6.08,0.516974,0.126695
6.09,0.518214,0.121271
6.1,0.519399,0.115846
6.11,0.520531,0.11042
6.12,0.521608,0.104994
6.13,0.522631,0.099568
6.14,0.523599,0.0941431
6.15,0.524514,0.0887196
6.16,0.525374,0.0832981
6.17,0.52618,0.0778791
6.18,0.526931,0.0724632
6.19,0.527629,0.0670508
6.2,0.528272,0.0616426
6.21,0.528862,0.056239
6.22,0.529397,0.0508406
6.23,0.529879,0.0454478
6.24,0.530306,0.0400614
6.25,0.53068,0.0346817
6.26,0.531,0.0293092
6.27,0.531266,0.0239446
6.28,0.531479,0.0185883
6.29,0.531638,0.0132408
6.3,0.531743,0.00790275
6.31,0.531796,0.00257454
6.32,0.531795,-0.00274329
6.33,0.531741,-0.00805022
6.34,0.531634,-0.0133457
6.35,0.531474,-0.0186293
6.36,0.531261,-0.0239005
6.37,0.530996,-0.0291588
6.38,0.530678,-0.0344037
6.39,0.530308,-0.0396346
6.4,0.529886,-0.0448511
6.41,0.529411,-0.0500527
6.42,0.528885,-0.055239
6.43,0.528306,-0.0604093
6.44,0.527677,-0.0655633
6.45,0.526995,-0.0707004
6.46,0.526263,-0.0758202
6.47,0.525479,-0.0809223
6.48,0.524644,-0.086006
6.49,0.523759,-0.091071
6.5,0.522823,-0.0961167
6.51,0.521837,-0.101143
6.52,0.5208,-0.106149
6.53,0.519714,-0.111134
6.54,0.518577,-0.116098
6.55,0.517392,-0.121041
6.56,0.516157,-0.125962
6.57,0.514873,-0.13086
6.58,0.51354,-0.135736
6.59,0.512158,-0.140588
6.6,0.510728,-0.145416
6.61,0.50925,-0.150221
6.62,0.507724,-0.155
6.63,0.50615,-0.159755
6.64,0.504529,-0.164484
6.65,0.50286,-0.169187
6.66,0.501145,-0.173864
6.67,0.499383,-0.178515
6.68,0.497575,-0.183138
6.69,0.49572,-0.187734
6.7,0.49382,-0.192301
6.71,0.491874,-0.196841
6.72,0.489883,-0.201351
6.73,0.487847,-0.205833
6.74,0.485767,-0.210285
6.75,0.483642,-0.214707
6.76,0.481473,-0.219099
6.77,0.47926,-0.22346
6.78,0.477004,-0.22779
6.79,0.474704,-0.232089
6.8,0.472362,-0.236355
6.81,0.469977,-0.24059
6.82,0.46755,-0.244793
6.83,0.465082,-0.248962
6.84,0.462571,-0.253098
6.85,0.46002,-0.257201
6.86,0.457427,-0.26127
6.87,0.454794,-0.265304
6.88,0.452121,-0.269304
6.89,0.449408,-0.273269
6.9,0.446656,-0.277199
6.91,0.443865,-0.281094
6.92,0.441034,-0.284952
6.93,0.438166,-0.288774
6.94,0.435259,-0.29256
6.95,0.432315,-0.296309
6.96,0.429333,-0.300021
6.97,0.426314,-0.303696
6.98,0.423259,-0.307333
6.99,0.420168,-0.310931
7,0.417041,-0.314492
7.01,0.413878,-0.318014
7.02,0.41068,-0.321497
7.03,0.407448,-0.324942
7.04,0.404182,-0.328347
7.05,0.400881,-0.331712
7.06,0.397548,-0.335037
7.07,0.394181,-0.338323
7.08,0.390781,-0.341568
7.09,0.38735,-0.344772
7.1,0.383886,-0.347935
7.11,0.380391,-0.351058
7.12,0.376865,-0.354139
7.13,0.373308,-0.357178
7.14,0.369722,-0.360176
7.15,0.366105,-0.363132
7.16,0.362459,-0.366046
7.17,0.358784,-0.368917
7.18,0.355081,-0.371746
7.19,0.351349,-0.374532
7.2,0.34759,-0.377275
7.21,0.343804,-0.379974
7.22,0.339991,-0.382631
7.23,0.336152,-0.385243
7.24,0.332286,-0.387813
7.25,0.328396,-0.390338
7.26,0.32448,-0.392819
7.27,0.320539,-0.395256
7.28,0.316575,-0.397649
7.29,0.312587,-0.399997
7.3,0.308575,-0.402301
7.31,0.304541,-0.404559
7.32,0.300484,-0.406773
7.33,0.296405,-0.408942
7.34,0.292305,-0.411065
7.35,0.288184,-0.413144
7.36,0.284043,-0.415176
7.37,0.279881,-0.417164
7.38,0.275699,-0.419105
7.39,0.271499,-0.421001
7.4,0.26728,-0.422851
7.41,0.263042,-0.424655
7.42,0.258787,-0.426414
7.43,0.254514,-0.428125
7.44,0.250224,-0.429791
7.45,0.245918,-0.431411
7.46,0.241596,-0.432984
7.47,0.237259,-0.434511
7.48,0.232906,-0.435991
7.49,0.228539,-0.437425
7.5,0.224158,-0.438812
7.51,0.219763,-0.440153
7.52,0.215355,-0.441447
7.53,0.210934,-0.442694
7.54,0.206501,-0.443895
7.55,0.202056,-0.445049
7.56,0.1976,-0.446156
7.57,0.193133,-0.447216
7.58,0.188656,-0.448229
7.59,0.184169,-0.449196
7.6,0.179672,-0.450116
7.61,0.175167,-0.450989
7.62,0.170653,-0.451815
7.63,0.166131,-0.452595
7.64,0.161601,-0.453328
7.65,0.157064,-0.454014
7.66,0.152521,-0.454653
7.67,0.147971,-0.455245
7.68,0.143416,-0.455791
7.69,0.138856,-0.456291
7.7,0.134291,-0.456743
7.71,0.129721,-0.457149
7.72,0.125148,-0.457509
7.73,0.120571,-0.457822
7.74,0.115991,-0.458089
7.75,0.111409,-0.45831
7.76,0.106825,-0.458484
7.77,0.10224,-0.458612
7.78,0.0976532,-0.458695
7.79,0.0930661,-0.458731
7.8,0.0884788,-0.458721
7.81,0.0838918,-0.458665
7.82,0.0793056,-0.458564
7.83,0.0747207,-0.458417
7.84,0.0701374,-0.458225
7.85,0.0655563,-0.457987
7.86,0.0609778,-0.457704
7.87,0.0564024,-0.457376
7.88,0.0518305,-0.457003
7.89,0.0472625,-0.456585
7.9,0.0426989,-0.456122
7.91,0.0381402,-0.455614
7.92,0.0335868,-0.455062
7.93,0.0290391,-0.454466
7.94,0.0244976,-0.453825
7.95,0.0199627,-0.45314
7.96,0.0154349,-0.452412
7.97,0.0109147,-0.45164
7.98,0.0064023,-0.450824
7.99,0.00189832,-0.449964
8,-0.00259684,-0.449062
8.01,-0.00708277,-0.448116
8.02,-0.011559,-0.447128
8.03,-0.0160252,-0.446097
8.04,-0.0204808,-0.445023
8.05,-0.0249255,-0.443907
8.06,-0.0293588,-0.442749
8.07,-0.0337803,-0.441549
8.08,-0.0381897,-0.440307
8.09,-0.0425863,-0.439024
8.1,-0.04697,-0.437699
8.11,-0.0513402,-0.436334
8.12,-0.0556965,-0.434927
8.13,-0.0600386,-0.43348
8.14,-0.064366,-0.431993
8.15,-0.0686783,-0.430465
8.16,-0.0729752,-0.428897
8.17,-0.0772561,-0.42729
8.18,-0.0815208,-0.425643
8.19,-0.0857689,-0.423957
8.2,-0.0899999,-0.422232
8.21,-0.0942134,-0.420468
8.22,-0.0984091,-0.418666
8.23,-0.102587,-0.416826
8.24,-0.106745,-0.414947
8.25,-0.110885,-0.413031
8.26,-0.115006,-0.411077
8.27,-0.119107,-0.409087
8.28,-0.123188,-0.407059
8.29,-0.127248,-0.404995
8.3,-0.131287,-0.402894
8.31,-0.135306,-0.400757
8.32,-0.139302,-0.398585
8.33,-0.143277,-0.396377
8.34,-0.14723,-0.394134
8.35,-0.15116,-0.391856
8.36,-0.155067,-0.389544
8.37,-0.158951,-0.387197
8.38,-0.162811,-0.384816
8.39,-0.166647,-0.382401
8.4,-0.170459,-0.379953
8.41,-0.174246,-0.377472
8.42,-0.178008,-0.374959
8.43,-0.181745,-0.372413
8.44,-0.185456,-0.369834
8.45,-0.189141,-0.367224
8.46,-0.1928,-0.364583
8.47,-0.196433,-0.36191
8.48,-0.200039,-0.359206
8.49,-0.203617,-0.356472
8.5,-0.207168,-0.353708
8.51,-0.210691,-0.350914
8.52,-0.214186,-0.348091
8.53,-0.217653,-0.345238
8.54,-0.221091,-0.342357
8.55,-0.2245,-0.339447
8.56,-0.22788,-0.336509
8.57,-0.23123,-0.333544
8.58,-0.23455,-0.330551
8.59,-0.237841,-0.327531
8.6,-0.241101,-0.324484
8.61,-0.24433,-0.321411
8.62,-0.247529,-0.318312
8.63,-0.250697,-0.315187
8.64,-0.253833,-0.312037
8.65,-0.256937,-0.308862
8.66,-0.26001,-0.305663
8.67,-0.26305,-0.30244
8.68,-0.266059,-0.299193
8.69,-0.269034,-0.295922
8.7,-0.271977,-0.292628
8.71,-0.274887,-0.289312
8.72,-0.277763,-0.285973
8.73,-0.280606,-0.282613
8.74,-0.283415,-0.279231
8.75,-0.286191,-0.275828
8.76,-0.288932,-0.272404
8.77,-0.291639,-0.26896
8.78,-0.294311,-0.265496
8.79,-0.296948,-0.262012
8.8,-0.299551,-0.258509
8.81,-0.302119,-0.254987
8.82,-0.304651,-0.251446
8.83,-0.307147,-0.247888
8.84,-0.309608,-0.244312
8.85,-0.312034,-0.240719
8.86,-0.314423,-0.237109
8.87,-0.316776,-0.233482
8.88,-0.319092,-0.229839
8.89,-0.321372,-0.226181
8.9,-0.323616,-0.222507
8.91,-0.325823,-0.218819
8.92,-0.327992,-0.215116
8.93,-0.330125,-0.211399
8.94,-0.33222,-0.207668
8.95,-0.334278,-0.203924
8.96,-0.336299,-0.200167
8.97,-0.338281,-0.196397
8.98,-0.340226,-0.192616
8.99,-0.342134,-0.188822
9,-0.344003,-0.185018
9.01,-0.345834,-0.181202
9.02,-0.347627,-0.177376
9.03,-0.349382,-0.17354
9.04,-0.351098,-0.169695
9.05,-0.352775,-0.16584
9.06,-0.354414,-0.161976
9.07,-0.356015,-0.158104
9.08,-0.357577,-0.154223
9.09,-0.359099,-0.150335
9.1,-0.360583,-0.14644
9.11,-0.362028,-0.142538
9.12,-0.363434,-0.13863
9.13,-0.364801,-0.134715
9.14,-0.366128,-0.130795
9.15,-0.367417,-0.126869
9.16,-0.368666,-0.122939
9.17,-0.369875,-0.119005
9.18,-0.371046,-0.115066
9.19,-0.372177,-0.111124
9.2,-0.373268,-0.107178
9.21,-0.37432,-0.10323
9.22,-0.375333,-0.0992788
9.23,-0.376306,-0.0953259
9.24,-0.377239,-0.0913715
9.25,-0.378133,-0.0874158
9.26,-0.378988,-0.0834593
9.27,-0.379802,-0.0795023
9.28,-0.380578,-0.0755454
9.29,-0.381313,-0.0715887
9.3,-0.382009,-0.0676329
9.31,-0.382666,-0.0636781
9.32,-0.383283,-0.059725
9.33,-0.38386,-0.0557737
9.34,-0.384398,-0.0518248
9.35,-0.384897,-0.0478786
9.36,-0.385356,-0.0439355
9.37,-0.385776,-0.0399958
9.38,-0.386156,-0.0360601
9.39,-0.386497,-0.0321286
9.4,-0.386799,-0.0282018
9.41,-0.387061,-0.02428
9.42,-0.387284,-0.0203636
9.43,-0.387468,-0.016453
9.44,-0.387613,-0.0125485
9.45,-0.387719,-0.00865062
9.46,-0.387786,-0.00475965
9.47,-0.387814,-0.000875982
9.48,-0.387804,0.00300002
9.49,-0.387754,0.00686797
9.5,-0.387666,0.0107275
9.51,-0.38754,0.0145783
9.52,-0.387375,0.0184199
9.53,-0.387172,0.022252
9.54,-0.38693,0.0260742
9.55,-0.38665,0.0298861
9.56,-0.386332,0.0336875
9.57,-0.385976,0.0374779
9.58,-0.385583,0.041257
9.59,-0.385151,0.0450244
9.6,-0.384682,0.0487798
9.61,-0.384176,0.0525228
9.62,-0.383632,0.0562531
9.63,-0.383051,0.0599703
9.64,-0.382432,0.0636741
9.65,-0.381777,0.0673642
9.66,-0.381085,0.0710401
9.67,-0.380357,0.0747016
9.68,-0.379591,0.0783483
9.69,-0.37879,0.0819799
9.7,-0.377952,0.0855961
9.71,-0.377078,0.0891965
9.72,-0.376168,0.0927808
9.73,-0.375222,0.0963486
9.74,-0.374241,0.0998997
9.75,-0.373224,0.103434
9.76,-0.372172,0.10695
9.77,-0.371085,0.110449
9.78,-0.369963,0.11393
9.79,-0.368807,0.117393
9.8,-0.367616,0.120837
9.81,-0.36639,0.124262
9.82,-0.36513,0.127667
9.83,-0.363837,0.131053
9.84,-0.362509,0.13442
9.85,-0.361148,0.137766
9.86,-0.359754,0.141091
9.87,-0.358327,0.144396
9.88,-0.356866,0.14768
9.89,-0.355373,0.150943
9.9,-0.353848,0.154184
9.91,-0.35229,0.157403
9.92,-0.3507,0.1606
9.93,-0.349078,0.163775
9.94,-0.347424,0.166926
9.95,-0.345739,0.170055
9.96,-0.344023,0.173161
9.97,-0.342276,0.176243
9.98,-0.340498,0.179301
9.99,-0.33869,0.182336
10,-0.336852,0.185346
10.01,-0.334983,0.188331
10.02,-0.333085,0.191292
10.03,-0.331158,0.194228
10.04,-0.329201,0.197138
10.05,-0.327215,0.200023
10.06,-0.3252,0.202882
10.07,-0.323157,0.205715
10.08,-0.321086,0.208522
10.09,-0.318987,0.211303
10.1,-0.31686,0.214057
10.11,-0.314706,0.216784
10.12,-0.312525,0.219484
10.13,-0.310316,0.222156
10.14,-0.308081,0.224801
10.15,-0.30582,0.227419
10.16,-0.303533,0.230008
10.17,-0.30122,0.232569
10.18,-0.298882,0.235102
10.19,-0.296518,0.237606
10.2,-0.29413,0.240082
10.21,-0.291717,0.242529
10.22,-0.289279,0.244946
10.23,-0.286818,0.247334
10.24,-0.284333,0.249693
10.25,-0.281824,0.252022
10.26,-0.279292,0.254322
10.27,-0.276738,0.256591
10.28,-0.274161,0.25883
10.29,-0.271561,0.261039
10.3,-0.26894,0.263217
10.31,-0.266297,0.265364
10.32,-0.263633,0.267481
10.33,-0.260948,0.269567
10.34,-0.258242,0.271622
10.35,-0.255515,0.273645
10.36,-0.252769,0.275638
10.37,-0.250003,0.277598
10.38,-0.247217,0.279527
10.39,-0.244412,0.281424
10.4,-0.241589,0.28329
10.41,-0.238747,0.285123
10.42,-0.235886,0.286924
10.43,-0.233008,0.288693
10.44,-0.230112,0.290429
10.45,-0.2272,0.292133
10.46,-0.22427,0.293805
10.47,-0.221324,0.295444
10.48,-0.218361,0.29705
10.49,-0.215383,0.298623
10.5,-0.212389,0.300163
10.51,-0.20938,0.30167
10.52,-0.206356,0.303144
10.53,-0.203317,0.304584
10.54,-0.200264,0.305992
10.55,-0.197197,0.307366
10.56,-0.194117,0.308706
10.57,-0.191023,0.310013
10.58,-0.187917,0.311286
10.59,-0.184798,0.312526
10.6,-0.181666,0.313732
10.61,-0.178523,0.314905
10.62,-0.175368,0.316043
10.63,-0.172202,0.317148
10.64,-0.169025,0.318219
10.65,-0.165838,0.319255
10.66,-0.16264,0.320258
10.67,-0.159433,0.321227
10.68,-0.156216,0.322162
10.69,-0.15299,0.323063
10.7,-0.149755,0.32393
10.71,-0.146511,0.324762
10.72,-0.14326,0.325561
10.73,-0.14,0.326325
10.74,-0.136733,0.327055
10.75,-0.133459,0.327752
10.76,-0.130178,0.328414
10.77,-0.126891,0.329041
10.78,-0.123598,0.329635
10.79,-0.120298,0.330195
10.8,-0.116994,0.33072
10.81,-0.113684,0.331212
10.82,-0.11037,0.331669
10.83,-0.107051,0.332093
10.84,-0.103728,0.332482
10.85,-0.100401,0.332837
10.86,-0.0970714,0.333159
10.87,-0.0937383,0.333446
10.88,-0.0904026,0.3337
10.89,-0.0870645,0.333919
10.9,-0.0837243,0.334105
10.91,-0.0803825,0.334257
10.92,-0.0770393,0.334376
10.93,-0.0736951,0.334461
10.94,-0.0703502,0.334512
10.95,-0.0670049,0.33453
10.96,-0.0636597,0.334514
10.97,-0.0603148,0.334465
10.98,-0.0569705,0.334382
10.99,-0.0536272,0.334267
11,-0.0502853,0.334118
11.01,-0.046945,0.333936
11.02,-0.0436067,0.333721
11.03,-0.0402707,0.333473
11.04,-0.0369373,0.333193
11.05,-0.0336069,0.332879
11.06,-0.0302798,0.332533
11.07,-0.0269564,0.332155
11.08,-0.0236368,0.331744
11.09,-0.0203216,0.331301
11.1,-0.0170109,0.330825
11.11,-0.0137052,0.330318
11.12,-0.0104047,0.329778
11.13,-0.00710975,0.329207
11.14,-0.00382067,0.328603
11.15,-0.000537783,0.327969
11.16,0.0027386,0.327302
11.17,0.00600816,0.326605
11.18,0.00927059,0.325876
11.19,0.0125256,0.325116
11.2,0.0157728,0.324325
11.21,0.019012,0.323503
11.22,0.0222428,0.322651
11.23,0.0254649,0.321768
11.24,0.028678,0.320854
11.25,0.0318819,0.319911
11.26,0.0350761,0.318937
11.27,0.0382605,0.317934
11.28,0.0414347,0.3169
11.29,0.0445984,0.315837
11.3,0.0477513,0.314745
11.31,0.0508932,0.313623
11.32,0.0540237,0.312473
11.33,0.0571426,0.311293
11.34,0.0602495,0.310085
11.35,0.0633442,0.308848
11.36,0.0664263,0.307582
11.37,0.0694957,0.306289
11.38,0.072552,0.304967
11.39,0.075595,0.303618
11.4,0.0786243,0.302241
11.41,0.0816397,0.300837
11.42,0.0846409,0.299405
11.43,0.0876277,0.297946
11.44,0.0905998,0.296461
11.45,0.0935569,0.294949
11.46,0.0964987,0.29341
11.47,0.099425,0.291845
11.48,0.102335,0.290254
11.49,0.10523,0.288637
11.5,0.108108,0.286995
11.51,0.11097,0.285327
11.52,0.113815,0.283634
11.53,0.116642,0.281917
11.54,0.119453,0.280174
11.55,0.122246,0.278407
11.56,0.125021,0.276616
11.57,0.127778,0.2748
11.58,0.130517,0.272961
11.59,0.133237,0.271098
11.6,0.135939,0.269212
11.61,0.138621,0.267302
11.62,0.141285,0.26537
11.63,0.143929,0.263415
11.64,0.146553,0.261438
11.65,0.149157,0.259439
11.66,0.151742,0.257417
11.67,0.154306,0.255374
11.68,0.156849,0.25331
11.69,0.159372,0.251224
11.7,0.161873,0.249117
11.71,0.164354,0.24699
11.72,0.166813,0.244843
11.73,0.169251,0.242675
11.74,0.171667,0.240487
11.75,0.17406,0.238279
11.76,0.176432,0.236053
11.77,0.178781,0.233807
11.78,0.181108,0.231542
11.79,0.183412,0.229258
11.8,0.185693,0.226957
11.81,0.187951,0.224637
11.82,0.190186,0.222299
11.83,0.192397,0.219944
11.84,0.194585,0.217572
11.85,0.196749,0.215182
11.86,0.198888,0.212776
11.87,0.201004,0.210353
11.88,0.203095,0.207915
11.89,0.205162,0.20546
11.9,0.207205,0.20299
11.91,0.209222,0.200504
11.92,0.211215,0.198003
11.93,0.213182,0.195488
11.94,0.215124,0.192958
11.95,0.217041,0.190414
11.96,0.218933,0.187855
11.97,0.220798,0.185284
11.98,0.222638,0.182698
11.99,0.224452,0.1801
12,0.22624,0.177489
12.01,0.228002,0.174865
12.02,0.229737,0.17223
12.03,0.231446,0.169582
12.04,0.233129,0.166922
12.05,0.234785,0.164252
12.06,0.236414,0.16157
12.07,0.238016,0.158877
12.08,0.239591,0.156174
12.09,0.24114,0.153461
12.1,0.242661,0.150738
12.11,0.244154,0.148005
12.12,0.245621,0.145263
12.13,0.24706,0.142511
12.14,0.248471,0.139751
12.15,0.249855,0.136983
12.16,0.251211,0.134206
12.17,0.252539,0.131422
12.18,0.253839,0.12863
12.19,0.255111,0.125831
12.2,0.256356,0.123025
12.21,0.257572,0.120212
12.22,0.25876,0.117392
12.23,0.25992,0.114567
12.24,0.261051,0.111736
12.25,0.262154,0.108899
12.26,0.263229,0.106057
12.27,0.264275,0.103211
12.28,0.265293,0.100359
12.29,0.266283,0.0975033
12.3,0.267243,0.0946435
12.31,0.268175,0.09178
12.32,0.269079,0.088913
12.33,0.269954,0.0860428
12.34,0.2708,0.0831698
12.35,0.271617,0.0802943
12.36,0.272406,0.0774164
12.37,0.273165,0.0745366
12.38,0.273896,0.071655
12.39,0.274598,0.0687721
12.4,0.275272,0.0658881
12.41,0.275916,0.0630032
12.42,0.276532,0.0601178
12.43,0.277119,0.0572322
12.44,0.277676,0.0543466
12.45,0.278206,0.0514614
12.46,0.278706,0.0485768
12.47,0.279177,0.0456931
12.48,0.27962,0.0428106
12.49,0.280033,0.0399295
12.5,0.280418,0.0370503
12.51,0.280774,0.0341731
12.52,0.281102,0.0312982
12.53,0.2814,0.0284259
12.54,0.28167,0.0255566
12.55,0.281911,0.0226904
12.56,0.282124,0.0198277
12.57,0.282308,0.0169687
12.58,0.282463,0.0141137
12.59,0.28259,0.0112631
12.6,0.282689,0.00841697
12.61,0.282759,0.00557571
12.62,0.2828,0.00273958
12.63,0.282813,-9.11566e-005
12.64,0.282798,-0.00291623
12.65,0.282755,-0.00573537
12.66,0.282684,-0.0085483
12.67,0.282584,-0.0113548
12.68,0.282457,-0.0141545
12.69,0.282301,-0.0169472
12.7,0.282118,-0.0197326
12.71,0.281906,-0.0225105
12.72,0.281668,-0.0252806
12.73,0.281401,-0.0280427
12.74,0.281107,-0.0307964
12.75,0.280785,-0.0335415
12.76,0.280436,-0.0362778
12.77,0.280059,-0.039005
12.78,0.279656,-0.0417229
12.79,0.279225,-0.0444312
12.8,0.278767,-0.0471296
12.81,0.278283,-0.0498179
12.82,0.277771,-0.0524959
12.83,0.277233,-0.0551633
12.84,0.276668,-0.0578198
12.85,0.276076,-0.0604653
12.86,0.275458,-0.0630994
12.87,0.274814,-0.065722
12.88,0.274144,-0.0683327
12.89,0.273448,-0.0709314
12.9,0.272725,-0.0735179
12.91,0.271977,-0.0760918
12.92,0.271204,-0.078653
12.93,0.270404,-0.0812012
12.94,0.26958,-0.0837362
12.95,0.26873,-0.0862578
12.96,0.267855,-0.0887657
12.97,0.266954,-0.0912597
12.98,0.266029,-0.0937397
12.99,0.26508,-0.0962053
13,0.264105,-0.0986564
13.01,0.263107,-0.101093
13.02,0.262084,-0.103514
13.03,0.261036,-0.10592
13.04,0.259965,-0.108311
13.05,0.25887,-0.110686
13.06,0.257752,-0.113046
13.07,0.256609,-0.115389
13.08,0.255444,-0.117716
13.09,0.254255,-0.120027
13.1,0.253043,-0.122321
13.11,0.251809,-0.124598
13.12,0.250551,-0.126859
13.13,0.249272,-0.129102
13.14,0.247969,-0.131328
13.15,0.246645,-0.133536
13.16,0.245299,-0.135726
13.17,0.243931,-0.137899
13.18,0.242541,-0.140053
13.19,0.24113,-0.14219
13.2,0.239697,-0.144307
13.21,0.238244,-0.146406
13.22,0.236769,-0.148486
13.23,0.235274,-0.150548
13.24,0.233758,-0.15259
13.25,0.232222,-0.154612
13.26,0.230666,-0.156616
13.27,0.22909,-0.158599
13.28,0.227494,-0.160563
13.29,0.225879,-0.162507
13.3,0.224244,-0.16443
13.31,0.22259,-0.166334
13.32,0.220917,-0.168217
13.33,0.219226,-0.170079
13.34,0.217516,-0.171921
13.35,0.215788,-0.173742
13.36,0.214041,-0.175542
13.37,0.212277,-0.17732
13.38,0.210495,-0.179078
13.39,0.208695,-0.180814
13.4,0.206879,-0.182529
13.41,0.205045,-0.184221
13.42,0.203194,-0.185893
13.43,0.201327,-0.187542
13.44,0.199443,-0.189169
13.45,0.197544,-0.190774
13.46,0.195628,-0.192357
13.47,0.193697,-0.193917
13.48,0.19175,-0.195455
13.49,0.189788,-0.19697
13.5,0.18781,-0.198463
13.51,0.185818,-0.199932
13.52,0.183812,-0.201379
13.53,0.181791,-0.202803
13.54,0.179756,-0.204204
13.55,0.177707,-0.205581
13.56,0.175644,-0.206936
13.57,0.173568,-0.208266
13.58,0.171479,-0.209574
13.59,0.169377,-0.210858
13.6,0.167262,-0.212118
13.61,0.165135,-0.213354
13.62,0.162995,-0.214567
13.63,0.160843,-0.215756
13.64,0.15868,-0.216921
13.65,0.156505,-0.218062
13.66,0.154319,-0.219179
13.67,0.152122,-0.220272
13.68,0.149913,-0.22134
13.69,0.147695,-0.222385
13.7,0.145466,-0.223405
13.71,0.143227,-0.2244
13.72,0.140978,-0.225371
13.73,0.138719,-0.226318
13.74,0.136452,-0.227241
13.75,0.134175,-0.228138
13.76,0.131889,-0.229011
13.77,0.129595,-0.22986
13.78,0.127292,-0.230684
13.79,0.124981,-0.231483
13.8,0.122662,-0.232258
13.81,0.120336,-0.233007
13.82,0.118002,-0.233732
13.83,0.115661,-0.234432
13.84,0.113314,-0.235108
13.85,0.110959,-0.235758
13.86,0.108599,-0.236384
13.87,0.106232,-0.236985
13.88,0.103859,-0.237561
13.89,0.101481,-0.238112
13.9,0.0990968,-0.238638
13.91,0.0967079,-0.239139
13.92,0.0943141,-0.239615
13.93,0.0919157,-0.240067
13.94,0.0895128,-0.240493
13.95,0.0871059,-0.240895
13.96,0.084695,-0.241272
13.97,0.0822805,-0.241624
13.98,0.0798626,-0.241951
13.99,0.0774416,-0.242253
14,0.0750176,-0.242531
14.01,0.072591,-0.242784
14.02,0.070162,-0.243012
14.03,0.0677309,-0.243215
14.04,0.0652978,-0.243393
14.05,0.0628631,-0.243547
14.06,0.060427,-0.243676
14.07,0.0579897,-0.243781
14.08,0.0555514,-0.243861
14.09,0.0531125,-0.243917
14.1,0.0506732,-0.243948
14.11,0.0482336,-0.243954
14.12,0.0457942,-0.243937
14.13,0.043355,-0.243895
14.14,0.0409164,-0.243828
14.15,0.0384785,-0.243738
14.16,0.0360417,-0.243623
14.17,0.0336061,-0.243484
14.18,0.0311721,-0.243321
14.19,0.0287398,-0.243134
14.2,0.0263095,-0.242923
14.21,0.0238814,-0.242689
14.22,0.0214558,-0.24243
14.23,0.0190329,-0.242148
14.24,0.0166129,-0.241842
14.25,0.0141961,-0.241513
14.26,0.0117827,-0.24116
14.27,0.00937299,-0.240784
14.28,0.00696713,-0.240385
14.29,0.00456538,-0.239962
14.3,0.00216797,-0.239516
14.31,-0.000224863,-0.239047
14.32,-0.00261289,-0.238555
14.33,-0.00499589,-0.238041
14.34,-0.00737363,-0.237503
14.35,-0.00974588,-0.236943
14.36,-0.0121124,-0.236361
14.37,-0.014473,-0.235756
14.38,-0.0168275,-0.235128
14.39,-0.0191755,-0.234479
14.4,-0.021517,-0.233807
14.41,-0.0238516,-0.233113
14.42,-0.0261791,-0.232397
14.43,-0.0284994,-0.23166
14.44,-0.0308123,-0.230901
14.45,-0.0331174,-0.23012
14.46,-0.0354146,-0.229318
14.47,-0.0377037,-0.228495
14.48,-0.0399844,-0.22765
14.49,-0.0422566,-0.226784
14.5,-0.04452,-0.225898
14.51,-0.0467745,-0.22499
14.52,-0.0490198,-0.224062
14.53,-0.0512557,-0.223114
14.54,-0.053482,-0.222145
14.55,-0.0556985,-0.221156
14.56,-0.057905,-0.220146
14.57,-0.0601014,-0.219117
14.58,-0.0622873,-0.218068
14.59,-0.0644627,-0.216999
14.6,-0.0666272,-0.215911
14.61,-0.0687808,-0.214803
14.62,-0.0709232,-0.213676
14.63,-0.0730543,-0.21253
14.64,-0.0751737,-0.211365
14.65,-0.0772815,-0.210181
14.66,-0.0793773,-0.208978
14.67,-0.081461,-0.207757
14.68,-0.0835324,-0.206518
14.69,-0.0855913,-0.205261
14.7,-0.0876375,-0.203985
14.71,-0.0896709,-0.202692
14.72,-0.0916913,-0.201381
14.73,-0.0936985,-0.200053
14.74,-0.0956923,-0.198707
14.75,-0.0976726,-0.197344
14.76,-0.0996392,-0.195964
14.77,-0.101592,-0.194568
14.78,-0.10353,-0.193154
14.79,-0.105455,-0.191724
14.8,-0.107365,-0.190278
14.81,-0.10926,-0.188816
14.82,-0.111141,-0.187338
14.83,-0.113007,-0.185844
14.84,-0.114858,-0.184334
14.85,-0.116694,-0.18281
14.86,-0.118514,-0.181269
14.87,-0.120319,-0.179714
14.88,-0.122108,-0.178144
14.89,-0.123882,-0.17656
14.9,-0.12564,-0.17496
14.91,-0.127381,-0.173347
14.92,-0.129106,-0.17172
14.93,-0.130815,-0.170078
14.94,-0.132508,-0.168423
14.95,-0.134184,-0.166754
14.96,-0.135843,-0.165072
14.97,-0.137485,-0.163377
14.98,-0.13911,-0.161669
14.99,-0.140719,-0.159948
15,-0.142309,-0.158215
15.01,-0.143883,-0.156469
15.02,-0.145439,-0.154712
15.03,-0.146977,-0.152942
15.04,-0.148498,-0.15116
15.05,-0.15,-0.149367
15.06,-0.151485,-0.147563
15.07,-0.152951,-0.145747
15.08,-0.1544,-0.143921
15.09,-0.15583,-0.142084
15.1,-0.157241,-0.140236
15.11,-0.158634,-0.138378
15.12,-0.160009,-0.13651
15.13,-0.161365,-0.134632
15.14,-0.162702,-0.132744
15.15,-0.164019,-0.130847
15.16,-0.165318,-0.128941
15.17,-0.166598,-0.127025
15.18,-0.167859,-0.125101
15.19,-0.1691,-0.123167
15.2,-0.170322,-0.121226
15.21,-0.171525,-0.119276
15.22,-0.172708,-0.117318
15.23,-0.173871,-0.115353
15.24,-0.175015,-0.11338
15.25,-0.176139,-0.111399
15.26,-0.177243,-0.109411
15.27,-0.178327,-0.107417
15.28,-0.179391,-0.105415
15.29,-0.180435,-0.103407
15.3,-0.181459,-0.101393
15.31,-0.182463,-0.0993726
15.32,-0.183447,-0.0973463
15.33,-0.18441,-0.0953143
15.34,-0.185353,-0.0932769
15.35,-0.186275,-0.0912342
15.36,-0.187178,-0.0891865
15.37,-0.188059,-0.087134
15.38,-0.18892,-0.0850769
15.39,-0.189761,-0.0830154
15.4,-0.19058,-0.0809497
15.41,-0.19138,-0.07888
15.42,-0.192158,-0.0768066
15.43,-0.192916,-0.0747297
15.44,-0.193653,-0.0726495
15.45,-0.194369,-0.0705661
15.46,-0.195064,-0.0684799
15.47,-0.195738,-0.066391
15.48,-0.196392,-0.0642997
15.49,-0.197024,-0.0622061
15.5,-0.197636,-0.0601104
15.51,-0.198227,-0.058013
15.52,-0.198796,-0.0559139
15.53,-0.199345,-0.0538135
15.54,-0.199872,-0.0517118
15.55,-0.200379,-0.0496092
15.56,-0.200865,-0.0475059
15.57,-0.201329,-0.045402
15.58,-0.201773,-0.0432978
15.59,-0.202195,-0.0411934
15.6,-0.202596,-0.0390892
15.61,-0.202977,-0.0369852
15.62,-0.203336,-0.0348817
15.63,-0.203675,-0.032779
15.64,-0.203992,-0.0306772
15.65,-0.204288,-0.0285765
15.66,-0.204563,-0.0264772
15.67,-0.204818,-0.0243794
15.68,-0.205051,-0.0222834
15.69,-0.205263,-0.0201894
15.7,-0.205455,-0.0180975
15.71,-0.205625,-0.0160079
15.72,-0.205775,-0.013921
15.73,-0.205904,-0.0118368
15.74,-0.206012,-0.00975564
15.75,-0.206099,-0.00767763
15.76,-0.206165,-0.00560302
15.77,-0.206211,-0.00353198
15.78,-0.206236,-0.00146474
15.79,-0.20624,0.000598525
15.8,-0.206224,0.00265761
15.81,-0.206187,0.00471231
15.82,-0.20613,0.00676243
15.83,-0.206052,0.00880779
15.84,-0.205954,0.0108482
15.85,-0.205835,0.0128834
15.86,-0.205696,0.0149133
15.87,-0.205537,0.0169376
15.88,-0.205357,0.0189562
15.89,-0.205158,0.0209689
15.9,-0.204938,0.0229754
15.91,-0.204698,0.0249756
15.92,-0.204438,0.0269694
15.93,-0.204159,0.0289565
15.94,-0.203859,0.0309367
15.95,-0.20354,0.0329098
15.96,-0.203201,0.0348758
15.97,-0.202842,0.0368343
15.98,-0.202464,0.0387852
15.99,-0.202067,0.0407284
16,-0.20165,0.0426636
16.01,-0.201214,0.0445907
16.02,-0.200758,0.0465094
16.03,-0.200283,0.0484197
16.04,-0.19979,0.0503214
16.05,-0.199277,0.0522142
16.06,-0.198745,0.054098
16.07,-0.198195,0.0559726
16.08,-0.197626,0.057838
16.09,-0.197038,0.0596938
16.1,-0.196432,0.0615399
16.11,-0.195808,0.0633762
16.12,-0.195165,0.0652025
16.13,-0.194504,0.0670186
16.14,-0.193824,0.0688244
16.15,-0.193127,0.0706198
16.16,-0.192412,0.0724044
16.17,-0.191679,0.0741783
16.18,-0.190928,0.0759412
16.19,-0.19016,0.0776931
16.2,-0.189375,0.0794336
16.21,-0.188572,0.0811628
16.22,-0.187751,0.0828804
16.23,-0.186914,0.0845862
16.24,-0.18606,0.0862802
16.25,-0.185188,0.0879623
16.26,-0.1843,0.0896321
16.27,-0.183396,0.0912897
16.28,-0.182475,0.0929348
16.29,-0.181537,0.0945674
16.3,-0.180583,0.0961873
16.31,-0.179614,0.0977943
16.32,-0.178628,0.0993883
16.33,-0.177626,0.100969
16.34,-0.176608,0.102537
16.35,-0.175575,0.104091
16.36,-0.174526,0.105632
16.37,-0.173462,0.107159
16.38,-0.172383,0.108673
16.39,-0.171289,0.110172
16.4,-0.17018,0.111658
16.41,-0.169056,0.113129
16.42,-0.167917,0.114586
16.43,-0.166764,0.116029
16.44,-0.165597,0.117457
16.45,-0.164415,0.118871
16.46,-0.163219,0.12027
16.47,-0.16201,0.121654
16.48,-0.160786,0.123024
16.49,-0.159549,0.124378
16.5,-0.158299,0.125717
16.51,-0.157035,0.127041
16.52,-0.155758,0.12835
16.53,-0.154468,0.129643
16.54,-0.153165,0.13092
16.55,-0.15185,0.132182
16.56,-0.150522,0.133429
16.57,-0.149181,0.134659
16.58,-0.147829,0.135874
16.59,-0.146464,0.137072
16.6,-0.145087,0.138255
16.61,-0.143699,0.139421
16.62,-0.142299,0.140571
16.63,-0.140888,0.141704
16.64,-0.139465,0.142822
16.65,-0.138031,0.143922
16.66,-0.136586,0.145007
16.67,-0.135131,0.146074
16.68,-0.133665,0.147125
16.69,-0.132189,0.148159
16.7,-0.130702,0.149176
16.71,-0.129205,0.150176
16.72,-0.127698,0.151159
16.73,-0.126182,0.152126
16.74,-0.124656,0.153075
16.75,-0.123121,0.154006
16.76,-0.121576,0.154921
16.77,-0.120022,0.155818
16.78,-0.11846,0.156698
16.79,-0.116888,0.157561
16.8,-0.115308,0.158406
16.81,-0.11372,0.159233
16.82,-0.112124,0.160043
16.83,-0.110519,0.160835
16.84,-0.108907,0.16161
16.85,-0.107287,0.162367
16.86,-0.10566,0.163106
16.87,-0.104025,0.163828
16.88,-0.102383,0.164531
16.89,-0.100735,0.165217
16.9,-0.0990792,0.165885
16.91,-0.0974171,0.166535
16.92,-0.0957485,0.167167
16.93,-0.0940738,0.167782
16.94,-0.0923929,0.168378
16.95,-0.0907063,0.168956
16.96,-0.0890139,0.169516
16.97,-0.087316,0.170058
16.98,-0.0856128,0.170582
16.99,-0.0839044,0.171088
17,-0.0821911,0.171576
17.01,-0.080473,0.172046
17.02,-0.0787502,0.172497
17.03,-0.0770231,0.172931
17.04,-0.0752917,0.173346
17.05,-0.0735562,0.173743
17.06,-0.0718169,0.174122
17.07,-0.0700738,0.174483
17.08,-0.0683273,0.174826
17.09,-0.0665774,0.17515
17.1,-0.0648243,0.175457
17.11,-0.0630683,0.175745
17.12,-0.0613095,0.176015
17.13,-0.0595481,0.176267
17.14,-0.0577842,0.176501
17.15,-0.0560181,0.176717
17.16,-0.0542499,0.176914
17.17,-0.0524799,0.177094
17.18,-0.0507081,0.177256
17.19,-0.0489348,0.177399
17.2,-0.0471602,0.177525
17.21,-0.0453844,0.177632
17.22,-0.0436076,0.177722
17.23,-0.04183,0.177794
17.24,-0.0400518,0.177847
17.25,-0.0382731,0.177883
17.26,-0.0364942,0.177901
17.27,-0.0347152,0.177901
17.28,-0.0329362,0.177884
17.29,-0.0311576,0.177849
17.3,-0.0293793,0.177796
17.31,-0.0276017,0.177725
17.32,-0.0258249,0.177637
17.33,-0.024049,0.177531
17.34,-0.0222743,0.177408
17.35,-0.0205009,0.177267
17.36,-0.018729,0.177109
17.37,-0.0169588,0.176933
17.38,-0.0151904,0.17674
17.39,-0.0134241,0.17653
17.4,-0.0116599,0.176303
17.41,-0.00989807,0.176058
17.42,-0.00813878,0.175796
17.43,-0.0063822,0.175518
17.44,-0.00462849,0.175222
17.45,-0.00287782,0.174909
17.46,-0.00113036,0.17458
17.47,0.000613723,0.174234
17.48,0.00235426,0.173871
17.49,0.00409108,0.173491
17.5,0.00582402,0.173095
17.51,0.00755292,0.172682
17.52,0.00927761,0.172253
17.53,0.0109979,0.171808
17.54,0.0127137,0.171346
17.55,0.0144248,0.170868
17.56,0.016131,0.170374
17.57,0.0178322,0.169864
17.58,0.0195282,0.169338
17.59,0.0212189,0.168796
17.6,0.0229041,0.168238
17.61,0.0245836,0.167665
17.62,0.0262574,0.167076
17.63,0.0279251,0.166472
17.64,0.0295867,0.165852
17.65,0.0312421,0.165217
17.66,0.032891,0.164566
17.67,0.0345334,0.1639
17.68,0.036169,0.16322
17.69,0.0377977,0.162524
17.7,0.0394194,0.161814
17.71,0.0410339,0.161089
17.72,0.0426411,0.160349
17.73,0.0442409,0.159594
17.74,0.045833,0.158826
17.75,0.0474173,0.158043
17.76,0.0489938,0.157245
17.77,0.0505622,0.156434
17.78,0.0521224,0.155608
17.79,0.0536743,0.154769
17.8,0.0552178,0.153916
17.81,0.0567526,0.153049
17.82,0.0582787,0.152169
17.83,0.0597959,0.151275
17.84,0.0613041,0.150368
17.85,0.0628032,0.149447
17.86,0.064293,0.148514
17.87,0.0657734,0.147567
17.88,0.0672443,0.146608
17.89,0.0687056,0.145636
17.9,0.070157,0.144651
17.91,0.0715986,0.143654
17.92,0.0730301,0.142645
17.93,0.0744514,0.141623
17.94,0.0758625,0.140589
17.95,0.0772632,0.139544
17.96,0.0786533,0.138486
17.97,0.0800328,0.137417
17.98,0.0814016,0.136336
17.99,0.0827595,0.135243
18,0.0841064,0.13414
18.01,0.0854423,0.133025
18.02,0.0867669,0.131899
18.03,0.0880802,0.130762
18.04,0.0893821,0.129614
18.05,0.0906725,0.128456
18.06,0.0919512,0.127287
18.07,0.0932182,0.126108
18.08,0.0944733,0.124918
18.09,0.0957165,0.123719
18.1,0.0969476,0.122509
18.11,0.0981666,0.12129
18.12,0.0993734,0.120061
18.13,0.100568,0.118822
18.14,0.10175,0.117574
18.15,0.102919,0.116317
18.16,0.104076,0.11505
18.17,0.10522,0.113775
18.18,0.106352,0.112491
18.19,0.10747,0.111198
18.2,0.108575,0.109897
18.21,0.109668,0.108587
18.22,0.110747,0.107269
18.23,0.111813,0.105943
18.24,0.112866,0.104609
18.25,0.113905,0.103267
18.26,0.114931,0.101918
18.27,0.115944,0.100561
18.28,0.116943,0.0991969
18.29,0.117928,0.0978255
18.3,0.118899,0.0964471
18.31,0.119857,0.0950618
18.32,0.1208,0.0936697
18.33,0.12173,0.0922711
18.34,0.122646,0.0908661
18.35,0.123547,0.0894548
18.36,0.124435,0.0880374
18.37,0.125308,0.086614
18.38,0.126167,0.0851848
18.39,0.127012,0.08375
18.4,0.127842,0.0823096
18.41,0.128658,0.080864
18.42,0.129459,0.0794131
18.43,0.130246,0.0779572
18.44,0.131018,0.0764964
18.45,0.131776,0.0750309
18.46,0.132519,0.0735608
18.47,0.133247,0.0720863
18.48,0.133961,0.0706076
18.49,0.134659,0.0691247
18.5,0.135343,0.0676379
18.51,0.136012,0.0661473
18.52,0.136666,0.0646531
18.53,0.137305,0.0631555
18.54,0.137929,0.0616545
18.55,0.138538,0.0601503
18.56,0.139132,0.0586432
18.57,0.139711,0.0571331
18.58,0.140275,0.0556205
18.59,0.140823,0.0541052
18.6,0.141357,0.0525876
18.61,0.141875,0.0510678
18.62,0.142378,0.0495459
18.63,0.142866,0.0480221
18.64,0.143339,0.0464965
18.65,0.143796,0.0449694
18.66,0.144238,0.0434408
18.67,0.144665,0.0419109
18.68,0.145076,0.0403799
18.69,0.145472,0.0388479
18.7,0.145853,0.0373151
18.71,0.146219,0.0357816
18.72,0.146569,0.0342477
18.73,0.146904,0.0327133
18.74,0.147223,0.0311788
18.75,0.147527,0.0296442
18.76,0.147816,0.0281097
18.77,0.148089,0.0265755
18.78,0.148348,0.0250417
18.79,0.14859,0.0235084
18.8,0.148818,0.0219759
18.81,0.14903,0.0204442
18.82,0.149227,0.0189136
18.83,0.149408,0.0173841
18.84,0.149574,0.0158559
18.85,0.149725,0.0143292
18.86,0.149861,0.0128041
18.87,0.149981,0.0112808
18.88,0.150087,0.00975943
18.89,0.150177,0.0082401
18.9,0.150251,0.00672299
18.91,0.150311,0.00520823
18.92,0.150356,0.00369599
18.93,0.150385,0.00218639
18.94,0.150399,0.00067959
18.95,0.150399,-0.000824266
18.96,0.150383,-0.00232504
18.97,0.150352,-0.00382257
18.98,0.150306,-0.00531674
18.99,0.150246,-0.00680739
19,0.15017,-0.00829438
19.01,0.15008,-0.00977757
19.02,0.149975,-0.0112568
19.03,0.149855,-0.012732
19.04,0.14972,-0.0142029
19.05,0.149571,-0.0156695
19.06,0.149407,-0.0171316
19.07,0.149228,-0.0185891
19.08,0.149035,-0.0200418
19.09,0.148827,-0.0214896
19.1,0.148605,-0.0229323
19.11,0.148369,-0.0243699
19.12,0.148118,-0.0258022
19.13,0.147853,-0.027229
19.14,0.147573,-0.0286503
19.15,0.14728,-0.0300658
19.16,0.146972,-0.0314756
19.17,0.14665,-0.0328793
19.18,0.146314,-0.034277
19.19,0.145965,-0.0356685
19.2,0.145601,-0.0370536
19.21,0.145224,-0.0384322
19.22,0.144832,-0.0398043
19.23,0.144427,-0.0411696
19.24,0.144009,-0.0425281
19.25,0.143577,-0.0438796
19.26,0.143131,-0.0452241
19.27,0.142672,-0.0465613
19.28,0.1422,-0.0478912
19.29,0.141715,-0.0492137
19.3,0.141216,-0.0505286
19.31,0.140704,-0.0518359
19.32,0.140179,-0.0531353
19.33,0.139641,-0.0544269
19.34,0.139091,-0.0557104
19.35,0.138527,-0.0569858
19.36,0.137951,-0.058253
19.37,0.137362,-0.0595118
19.38,0.136761,-0.0607622
19.39,0.136147,-0.0620039
19.4,0.135521,-0.063237
19.41,0.134882,-0.0644614
19.42,0.134232,-0.0656768
19.43,0.133569,-0.0668833
19.44,0.132894,-0.0680806
19.45,0.132207,-0.0692688
19.46,0.131509,-0.0704477
19.47,0.130798,-0.0716171
19.48,0.130076,-0.0727771
19.49,0.129343,-0.0739275
19.5,0.128598,-0.0750682
19.51,0.127841,-0.0761992
19.52,0.127074,-0.0773202
19.53,0.126295,-0.0784313
19.54,0.125505,-0.0795324
19.55,0.124704,-0.0806233
19.56,0.123893,-0.0817039
19.57,0.12307,-0.0827743
19.58,0.122237,-0.0838342
19.59,0.121394,-0.0848837
19.6,0.12054,-0.0859225
19.61,0.119675,-0.0869508
19.62,0.118801,-0.0879682
19.63,0.117916,-0.0889749
19.64,0.117021,-0.0899706
19.65,0.116117,-0.0909554
19.66,0.115202,-0.0919291
19.67,0.114278,-0.0928917
19.68,0.113344,-0.0938431
19.69,0.112401,-0.0947832
19.7,0.111449,-0.0957119
19.71,0.110487,-0.0966293
19.72,0.109516,-0.0975351
19.73,0.108536,-0.0984294
19.74,0.107548,-0.0993121
19.75,0.10655,-0.100183
19.76,0.105544,-0.101042
19.77,0.104529,-0.10189
19.78,0.103506,-0.102725
19.79,0.102475,-0.103549
19.8,0.101435,-0.104361
19.81,0.100388,-0.10516
19.82,0.0993322,-0.105948
19.83,0.0982689,-0.106723
19.84,0.0971978,-0.107486
19.85,0.0961192,-0.108237
19.86,0.0950331,-0.108976
19.87,0.0939397,-0.109702
19.88,0.0928391,-0.110416
19.89,0.0917314,-0.111117
19.9,0.0906168,-0.111806
19.91,0.0894954,-0.112482
19.92,0.0883672,-0.113146
19.93,0.0872325,-0.113797
19.94,0.0860913,-0.114435
19.95,0.0849438,-0.115061
19.96,0.0837901,-0.115674
19.97,0.0826304,-0.116274
19.98,0.0814647,-0.116861
19.99,0.0802932,-0.117436
20,0.079116,-0.117997
20.01,0.0779333,-0.118546
20.02,0.0767451,-0.119082
20.03,0.0755517,-0.119605
20.04,0.0743531,-0.120114
20.05,0.0731495,-0.120611
20.06,0.0719409,-0.121095
20.07,0.0707276,-0.121566
20.08,0.0695096,-0.122023
20.09,0.0682872,-0.122468
20.1,0.0670603,-0.122899
20.11,0.0658292,-0.123317
20.12,0.064594,-0.123722
20.13,0.0633548,-0.124114
20.14,0.0621118,-0.124493
20.15,0.060865,-0.124859
20.16,0.0596147,-0.125211
20.17,0.0583608,-0.12555
20.18,0.0571037,-0.125876
20.19,0.0558434,-0.126189
20.2,0.05458,-0.126488
20.21,0.0533136,-0.126774
20.22,0.0520445,-0.127047
20.23,0.0507727,-0.127307
20.24,0.0494984,-0.127554
20.25,0.0482217,-0.127787
20.26,0.0469427,-0.128007
20.27,0.0456616,-0.128214
20.28,0.0443785,-0.128407
20.29,0.0430935,-0.128588
20.3,0.0418068,-0.128755
20.31,0.0405185,-0.128909
20.32,0.0392287,-0.129049
20.33,0.0379375,-0.129177
20.34,0.0366452,-0.129291
20.35,0.0353517,-0.129393
20.36,0.0340574,-0.129481
20.37,0.0327622,-0.129556
20.38,0.0314663,-0.129618
20.39,0.0301698,-0.129667
20.4,0.028873,-0.129703
20.41,0.0275758,-0.129726
20.42,0.0262785,-0.129735
20.43,0.0249812,-0.129732
20.44,0.0236839,-0.129716
20.45,0.0223869,-0.129687
20.46,0.0210902,-0.129645
20.47,0.019794,-0.12959
20.48,0.0184985,-0.129523
20.49,0.0172036,-0.129442
20.5,0.0159097,-0.129349
20.51,0.0146167,-0.129243
20.52,0.0133248,-0.129124
20.53,0.0120342,-0.128993
20.54,0.010745,-0.128849
20.55,0.00945731,-0.128692
20.56,0.00817122,-0.128523
20.57,0.00688688,-0.128342
20.58,0.00560443,-0.128148
20.59,0.00432397,-0.127941
20.6,0.00304564,-0.127723
20.61,0.00176956,-0.127491
20.62,0.000495855,-0.127248
20.63,-0.000775357,-0.126992
20.64,-0.00204395,-0.126724
20.65,-0.00330981,-0.126445
20.66,-0.0045728,-0.126153
20.67,-0.00583282,-0.125848
20.68,-0.00708973,-0.125532
20.69,-0.00834343,-0.125205
20.7,-0.00959378,-0.124865
20.71,-0.0108407,-0.124513
20.72,-0.012084,-0.12415
20.73,-0.0133236,-0.123775
20.74,-0.0145595,-0.123388
20.75,-0.0157914,-0.12299
20.76,-0.0170192,-0.122581
20.77,-0.018243,-0.12216
20.78,-0.0194624,-0.121727
20.79,-0.0206775,-0.121283
20.8,-0.021888,-0.120829
20.81,-0.023094,-0.120362
20.82,-0.0242952,-0.119885
20.83,-0.0254917,-0.119397
20.84,-0.0266831,-0.118898
20.85,-0.0278696,-0.118388
20.86,-0.0290509,-0.117867
20.87,-0.0302269,-0.117335
20.88,-0.0313975,-0.116793
20.89,-0.0325627,-0.11624
20.9,-0.0337223,-0.115677
20.91,-0.0348762,-0.115103
20.92,-0.0360243,-0.114519
20.93,-0.0371666,-0.113925
20.94,-0.0383028,-0.11332
20.95,-0.0394329,-0.112705
20.96,-0.0405569,-0.11208
20.97,-0.0416745,-0.111446
20.98,-0.0427857,-0.110801
20.99,-0.0438905,-0.110147
21,-0.0449886,-0.109483
21.01,-0.0460801,-0.108809
21.02,-0.0471648,-0.108126
21.03,-0.0482426,-0.107433
21.04,-0.0493134,-0.106732
21.05,-0.0503772,-0.10602
21.06,-0.0514338,-0.1053
21.07,-0.0524832,-0.10457
21.08,-0.0535252,-0.103832
21.09,-0.0545598,-0.103085
21.1,-0.0555869,-0.102329
21.11,-0.0566063,-0.101564
21.12,-0.0576181,-0.10079
21.13,-0.0586221,-0.100008
21.14,-0.0596182,-0.0992177
21.15,-0.0606064,-0.0984189
21.16,-0.0615866,-0.0976119
21.17,-0.0625586,-0.0967968
21.18,-0.0635225,-0.0959736
21.19,-0.0644781,-0.0951425
21.2,-0.0654253,-0.0943035
21.21,-0.0663641,-0.0934568
21.22,-0.0672944,-0.0926024
21.23,-0.0682161,-0.0917405
21.24,-0.0691292,-0.0908712
21.25,-0.0700335,-0.0899945
21.26,-0.0709291,-0.0891106
21.27,-0.0718157,-0.0882195
21.28,-0.0726934,-0.0873214
21.29,-0.0735621,-0.0864164
21.3,-0.0744218,-0.0855045
21.31,-0.0752722,-0.084586
21.32,-0.0761134,-0.0836608
21.33,-0.0769454,-0.0827291
21.34,-0.077768,-0.081791
21.35,-0.0785812,-0.0808466
21.36,-0.0793849,-0.079896
21.37,-0.0801791,-0.0789394
21.38,-0.0809637,-0.0779767
21.39,-0.0817386,-0.0770082
21.4,-0.0825038,-0.0760339
21.41,-0.0832593,-0.075054
21.42,-0.0840049,-0.0740686
21.43,-0.0847406,-0.0730777
21.44,-0.0854664,-0.0720815
21.45,-0.0861822,-0.0710801
21.46,-0.086888,-0.0700736
21.47,-0.0875837,-0.0690621
21.48,-0.0882692,-0.0680457
21.49,-0.0889446,-0.0670245
21.5,-0.0896097,-0.0659987
21.51,-0.0902646,-0.0649684
21.52,-0.0909091,-0.0639336
21.53,-0.0915432,-0.0628945
21.54,-0.0921669,-0.0618512
21.55,-0.0927802,-0.0608038
21.56,-0.093383,-0.0597524
21.57,-0.0939753,-0.0586972
21.58,-0.0945569,-0.0576382
21.59,-0.095128,-0.0565755
21.6,-0.0956884,-0.0555093
21.61,-0.0962382,-0.0544397
21.62,-0.0967772,-0.0533669
21.63,-0.0973055,-0.0522908
21.64,-0.097823,-0.0512116
21.65,-0.0983297,-0.0501295
21.66,-0.0988256,-0.0490445
21.67,-0.0993106,-0.0479568
21.68,-0.0997847,-0.0468665
21.69,-0.100248,-0.0457737
21.7,-0.1007,-0.0446785
21.71,-0.101142,-0.043581
21.72,-0.101572,-0.0424814
21.73,-0.101991,-0.0413797
21.74,-0.102399,-0.0402761
21.75,-0.102797,-0.0391707
21.76,-0.103183,-0.0380635
21.77,-0.103558,-0.0369548
21.78,-0.103922,-0.0358446
21.79,-0.104275,-0.034733
21.8,-0.104617,-0.0336202
21.81,-0.104947,-0.0325062
21.82,-0.105267,-0.0313913
21.83,-0.105575,-0.0302754
21.84,-0.105872,-0.0291587
21.85,-0.106158,-0.0280413
21.86,-0.106433,-0.0269234
21.87,-0.106697,-0.025805
21.88,-0.106949,-0.0246863
21.89,-0.10719,-0.0235673
21.9,-0.10742,-0.0224483
21.91,-0.107639,-0.0213292
21.92,-0.107847,-0.0202102
21.93,-0.108044,-0.0190914
21.94,-0.108229,-0.017973
21.95,-0.108403,-0.016855
21.96,-0.108566,-0.0157375
21.97,-0.108718,-0.0146208
21.98,-0.108858,-0.0135047
21.99,-0.108988,-0.0123896
22,-0.109106,-0.0112755
22.01,-0.109213,-0.0101624
22.02,-0.109309,-0.00905059
22.03,-0.109394,-0.00794007
22.04,-0.109468,-0.00683097
22.05,-0.109531,-0.00572341
22.06,-0.109583,-0.0046175
22.07,-0.109623,-0.00351333
22.08,-0.109653,-0.00241101
22.09,-0.109672,-0.00131066
22.1,-0.109679,-0.000212372
22.11,-0.109676,0.000883741
22.12,-0.109662,0.00197758
22.13,-0.109636,0.00306903
22.14,-0.1096,0.00415799
22.15,-0.109553,0.00524436
22.16,-0.109495,0.00632804
22.17,-0.109427,0.00740892
22.18,-0.109347,0.0084869
22.19,-0.109257,0.00956188
22.2,-0.109156,0.0106338
22.21,-0.109044,0.0117024
22.22,-0.108922,0.0127678
22.23,-0.108789,0.0138298
22.24,-0.108645,0.0148882
22.25,-0.108491,0.0159431
22.26,-0.108326,0.0169942
22.27,-0.108151,0.0180416
22.28,-0.107966,0.0190851
22.29,-0.10777,0.0201245
22.3,-0.107563,0.0211599
22.31,-0.107346,0.0221911
22.32,-0.107119,0.0232181
22.33,-0.106882,0.0242406
22.34,-0.106635,0.0252587
22.35,-0.106377,0.0262722
22.36,-0.106109,0.0272811
22.37,-0.105831,0.0282853
22.38,-0.105543,0.0292846
22.39,-0.105246,0.030279
22.4,-0.104938,0.0312683
22.41,-0.10462,0.0322526
22.42,-0.104293,0.0332317
22.43,-0.103956,0.0342055
22.44,-0.103609,0.035174
22.45,-0.103252,0.036137
22.46,-0.102886,0.0370944
22.47,-0.10251,0.0380463
22.48,-0.102125,0.0389924
22.49,-0.10173,0.0399328
22.5,-0.101326,0.0408673
22.51,-0.100913,0.0417958
22.52,-0.100491,0.0427183
22.53,-0.100059,0.0436347
22.54,-0.0996179,0.0445449
22.55,-0.0991679,0.0454489
22.56,-0.0987089,0.0463465
22.57,-0.098241,0.0472377
22.58,-0.0977642,0.0481223
22.59,-0.0972786,0.0490004
22.6,-0.0967842,0.0498719
22.61,-0.0962812,0.0507366
22.62,-0.0957695,0.0515945
22.63,-0.0952493,0.0524456
22.64,-0.0947206,0.0532897
22.65,-0.0941835,0.0541268
22.66,-0.0936381,0.0549568
22.67,-0.0930844,0.0557797
22.68,-0.0925225,0.0565954
22.69,-0.0919525,0.0574038
22.7,-0.0913745,0.0582048
22.71,-0.0907884,0.0589984
22.72,-0.0901945,0.0597846
22.73,-0.0895928,0.0605632
22.74,-0.0889833,0.0613341
22.75,-0.0883661,0.0620975
22.76,-0.0877414,0.0628531
22.77,-0.0871091,0.0636009
22.78,-0.0864694,0.0643408
22.79,-0.0858223,0.0650729
22.8,-0.0851679,0.0657969
22.81,-0.0845064,0.066513
22.82,-0.0838377,0.067221
22.83,-0.083162,0.0679209
22.84,-0.0824793,0.0686125
22.85,-0.0817898,0.069296
22.86,-0.0810934,0.0699711
22.87,-0.0803904,0.070638
22.88,-0.0796807,0.0712964
22.89,-0.0789645,0.0719464
22.9,-0.0782418,0.0725879
22.91,-0.0775127,0.0732208
22.92,-0.0767774,0.0738452
22.93,-0.0760359,0.074461
22.94,-0.0752882,0.0750681
22.95,-0.0745345,0.0756665
22.96,-0.0737749,0.0762561
22.97,-0.0730094,0.0768369
22.98,-0.0722382,0.0774089
22.99,-0.0714613,0.077972
23,-0.0706788,0.0785262
23.01,-0.0698908,0.0790715
23.02,-0.0690974,0.0796078
23.03,-0.0682987,0.080135
23.04,-0.0674947,0.0806532
23.05,-0.0666856,0.0811623
23.06,-0.0658715,0.0816622
23.07,-0.0650524,0.082153
23.08,-0.0642285,0.0826347
23.09,-0.0633998,0.0831071
23.1,-0.0625664,0.0835702
23.11,-0.0617284,0.0840241
23.12,-0.0608859,0.0844687
23.13,-0.0600391,0.0849039
23.14,-0.0591879,0.0853298
23.15,-0.0583325,0.0857464
23.16,-0.057473,0.0861535
23.17,-0.0566094,0.0865512
23.18,-0.055742,0.0869395
23.19,-0.0548707,0.0873183
23.2,-0.0539957,0.0876876
23.21,-0.053117,0.0880474
23.22,-0.0522347,0.0883978
23.23,-0.051349,0.0887385
23.24,-0.05046,0.0890698
23.25,-0.0495677,0.0893915
23.26,-0.0486722,0.0897036
23.27,-0.0477736,0.0900061
23.28,-0.0468721,0.090299
23.29,-0.0459677,0.0905823
23.3,-0.0450605,0.090856
23.31,-0.0441506,0.0911201
23.32,-0.0432381,0.0913746
23.33,-0.0423231,0.0916194
23.34,-0.0414058,0.0918545
23.35,-0.0404861,0.0920801
23.36,-0.0395642,0.0922959
23.37,-0.0386402,0.0925022
23.38,-0.0377142,0.0926987
23.39,-0.0367863,0.0928857
23.4,-0.0358565,0.0930629
23.41,-0.034925,0.0932305
23.42,-0.0339919,0.0933885
23.43,-0.0330573,0.0935368
23.44,-0.0321212,0.0936755
23.45,-0.0311838,0.0938045
23.46,-0.0302452,0.093924
23.47,-0.0293054,0.0940338
23.48,-0.0283645,0.0941339
23.49,-0.0274227,0.0942245
23.5,-0.0264801,0.0943055
23.51,-0.0255366,0.0943769
23.52,-0.0245926,0.0944387
23.53,-0.0236479,0.094491
23.54,-0.0227028,0.0945337
23.55,-0.0217573,0.0945669
23.56,-0.0208115,0.0945906
23.57,-0.0198655,0.0946048
23.58,-0.0189194,0.0946095
23.59,-0.0179733,0.0946048
23.6,-0.0170273,0.0945906
23.61,-0.0160815,0.0945669
23.62,-0.015136,0.0945339
23.63,-0.0141909,0.0944915
23.64,-0.0132462,0.0944398
23.65,-0.0123021,0.0943787
23.66,-0.0113587,0.0943083
23.67,-0.010416,0.0942287
23.68,-0.00947415,0.0941397
23.69,-0.00853323,0.0940416
23.7,-0.00759334,0.0939342
23.71,-0.00665458,0.0938177
23.72,-0.00571702,0.0936921
23.73,-0.00478077,0.0935573
23.74,-0.0038459,0.0934135
23.75,-0.00291253,0.0932606
23.76,-0.00198072,0.0930987
23.77,-0.00105058,0.0929278
23.78,-0.000122196,0.092748
23.79,0.000804348,0.0925593
23.8,0.00172896,0.0923617
23.81,0.00265155,0.0921553
23.82,0.00357204,0.0919401
23.83,0.00449032,0.0917161
23.84,0.00540633,0.0914834
23.85,0.00631996,0.091242
23.86,0.00723114,0.090992
23.87,0.00813978,0.0907335
23.88,0.00904578,0.0904663
23.89,0.00994907,0.0901907
23.9,0.0108496,0.0899066
23.91,0.0117472,0.0896141
23.92,0.0126418,0.0893132
23.93,0.0135334,0.089004
23.94,0.0144219,0.0886865
23.95,0.0153071,0.0883608
23.96,0.0161891,0.088027
23.97,0.0170676,0.087685
23.98,0.0179427,0.0873349
23.99,0.0188143,0.0869768
24,0.0196822,0.0866107
24.01,0.0205465,0.0862367
24.02,0.021407,0.0858549
24.03,0.0222636,0.0854652
24.04,0.0231162,0.0850678
24.05,0.0239649,0.0846626
24.06,0.0248095,0.0842498
24.07,0.0256499,0.0838294
24.08,0.026486,0.0834015
24.09,0.0273179,0.0829661
24.1,0.0281453,0.0825233
24.11,0.0289683,0.0820732
24.12,0.0297868,0.0816157
24.13,0.0306006,0.081151
24.14,0.0314098,0.0806791
24.15,0.0322142,0.0802001
24.16,0.0330137,0.079714
24.17,0.0338084,0.079221
24.18,0.0345981,0.078721
24.19,0.0353828,0.0782142
24.2,0.0361624,0.0777005
24.21,0.0369368,0.0771801
24.22,0.037706,0.0766531
24.23,0.0384698,0.0761194
24.24,0.0392283,0.0755792
24.25,0.0399814,0.0750326
24.26,0.040729,0.0744795
24.27,0.041471,0.0739201
24.28,0.0422073,0.0733544
24.29,0.042938,0.0727825
24.3,0.043663,0.0722045
24.31,0.0443821,0.0716205
24.32,0.0450954,0.0710304
24.33,0.0458027,0.0704345
24.34,0.046504,0.0698327
24.35,0.0471993,0.0692251
24.36,0.0478885,0.0686118
24.37,0.0485715,0.0679929
24.38,0.0492484,0.0673684
24.39,0.0499189,0.0667385
24.4,0.0505831,0.0661031
24.41,0.0512409,0.0654624
24.42,0.0518923,0.0648165
24.43,0.0525373,0.0641653
24.44,0.0531756,0.0635091
24.45,0.0538074,0.0628478
24.46,0.0544326,0.0621816
24.47,0.055051,0.0615105
24.48,0.0556628,0.0608345
24.49,0.0562677,0.0601539
24.5,0.0568658,0.0594686
24.51,0.0574571,0.0587787
24.52,0.0580414,0.0580844
24.53,0.0586187,0.0573856
24.54,0.0591891,0.0566825
24.55,0.0597524,0.0559751
24.56,0.0603086,0.0552636
24.57,0.0608576,0.0545479
24.58,0.0613995,0.0538282
24.59,0.0619342,0.0531046
24.6,0.0624616,0.0523772
24.61,0.0629817,0.0516459
24.62,0.0634945,0.050911
24.63,0.0639999,0.0501724
24.64,0.0644979,0.0494303
24.65,0.0649885,0.0486848
24.66,0.0654716,0.0479358
24.67,0.0659472,0.0471836
24.68,0.0664153,0.0464282
24.69,0.0668758,0.0456696
24.7,0.0673287,0.044908
24.71,0.0677739,0.0441434
24.72,0.0682115,0.043376
24.73,0.0686414,0.0426057
24.74,0.0690636,0.0418328
24.75,0.0694781,0.0410572
24.76,0.0698848,0.040279
24.77,0.0702837,0.0394984
24.78,0.0706747,0.0387154
24.79,0.071058,0.03793
24.8,0.0714333,0.0371425
24.81,0.0718008,0.0363528
24.82,0.0721604,0.0355611
24.83,0.072512,0.0347674
24.84,0.0728557,0.0339718
24.85,0.0731914,0.0331744
24.86,0.0735192,0.0323753
24.87,0.0738389,0.0315746
24.88,0.0741507,0.0307723
24.89,0.0744544,0.0299685
24.9,0.07475,0.0291633
24.91,0.0750376,0.0283569
24.92,0.0753172,0.0275492
24.93,0.0755886,0.0267404
24.94,0.075852,0.0259305
24.95,0.0761072,0.0251196
24.96,0.0763544,0.0243079
24.97,0.0765934,0.0234953
24.98,0.0768243,0.0226821
24.99,0.077047,0.0218682
25,0.0772616,0.0210537
25.01,0.0774681,0.0202387
25.02,0.0776664,0.0194234
25.03,0.0778566,0.0186077
25.04,0.0780386,0.0177919
25.05,0.0782124,0.0169758
25.06,0.0783781,0.0161597
25.07,0.0785356,0.0153437
25.08,0.078685,0.0145277
25.09,0.0788262,0.0137119
25.1,0.0789592,0.0128963
25.11,0.0790841,0.0120811
25.12,0.0792008,0.0112664
25.13,0.0793094,0.0104521
25.14,0.0794099,0.00963838
25.15,0.0795022,0.00882535
25.16,0.0795864,0.00801307
25.17,0.0796624,0.0072016
25.18,0.0797304,0.00639104
25.19,0.0797903,0.00558145
25.2,0.079842,0.00477293
25.21,0.0798857,0.00396555
25.22,0.0799214,0.00315938
25.23,0.0799489,0.00235451
25.24,0.0799684,0.00155101
25.25,0.0799799,0.000748962
25.26,0.0799834,-5.1559e-005
25.27,0.0799789,-0.000850475
25.28,0.0799664,-0.00164771
25.29,0.079946,-0.00244319
25.3,0.0799176,-0.00323683
25.31,0.0798812,-0.00402857
25.32,0.079837,-0.00481832
25.33,0.0797849,-0.00560601
25.34,0.0797249,-0.00639157
25.35,0.0796571,-0.00717492
25.36,0.0795814,-0.00795598
25.37,0.0794979,-0.0087347
25.38,0.0794067,-0.00951098
25.39,0.0793077,-0.0102848
25.4,0.079201,-0.011056
25.41,0.0790866,-0.0118245
25.42,0.0789645,-0.0125904
25.43,0.0788348,-0.0133534
25.44,0.0786975,-0.0141136
25.45,0.0785526,-0.0148709
25.46,0.0784001,-0.0156252
25.47,0.0782401,-0.0163764
25.48,0.0780726,-0.0171245
25.49,0.0778976,-0.0178693
25.5,0.0777152,-0.0186109
25.51,0.0775254,-0.0193492
25.52,0.0773282,-0.020084
25.53,0.0771237,-0.0208154
25.54,0.0769119,-0.0215432
25.55,0.0766929,-0.0222674
25.56,0.0764666,-0.022988
25.57,0.0762331,-0.0237048
25.58,0.0759925,-0.0244178
25.59,0.0757448,-0.0251269
25.6,0.07549,-0.0258321
25.61,0.0752281,-0.0265334
25.62,0.0749593,-0.0272306
25.63,0.0746835,-0.0279236
25.64,0.0744009,-0.0286125
25.65,0.0741113,-0.0292972
25.66,0.0738149,-0.0299775
25.67,0.0735118,-0.0306535
25.68,0.0732019,-0.0313251
25.69,0.0728853,-0.0319923
25.7,0.0725621,-0.0326548
25.71,0.0722322,-0.0333129
25.72,0.0718958,-0.0339662
25.73,0.0715529,-0.0346149
25.74,0.0712035,-0.0352588
25.75,0.0708477,-0.0358979
25.76,0.0704856,-0.0365321
25.77,0.0701171,-0.0371615
25.78,0.0697424,-0.0377858
25.79,0.0693614,-0.0384052
25.8,0.0689743,-0.0390194
25.81,0.068581,-0.0396285
25.82,0.0681817,-0.0402325
25.83,0.0677764,-0.0408312
25.84,0.0673651,-0.0414247
25.85,0.0669479,-0.0420128
25.86,0.0665249,-0.0425956
25.87,0.066096,-0.0431729
25.88,0.0656614,-0.0437448
25.89,0.0652212,-0.0443112
25.9,0.0647752,-0.044872
25.91,0.0643237,-0.0454272
25.92,0.0638667,-0.0459767
25.93,0.0634042,-0.0465206
25.94,0.0629363,-0.0470587
25.95,0.0624631,-0.0475911
25.96,0.0619845,-0.0481176
25.97,0.0615007,-0.0486383
25.98,0.0610118,-0.049153
25.99,0.0605177,-0.0496619
26,0.0600186,-0.0501647
26.01,0.0595144,-0.0506616
26.02,0.0590053,-0.0511524
26.03,0.0584914,-0.0516371
26.04,0.0579726,-0.0521156
26.05,0.0574491,-0.052588
26.06,0.0569209,-0.0530542
26.07,0.056388,-0.0535142
26.08,0.0558506,-0.0539679
26.09,0.0553087,-0.0544154
26.1,0.0547623,-0.0548564
26.11,0.0542116,-0.0552912
26.12,0.0536565,-0.0557195
26.13,0.0530972,-0.0561414
26.14,0.0525337,-0.0565569
26.15,0.0519661,-0.0569658
26.16,0.0513944,-0.0573683
26.17,0.0508188,-0.0577642
26.18,0.0502392,-0.0581536
26.19,0.0496557,-0.0585364
26.2,0.0490685,-0.0589126
26.21,0.0484775,-0.0592821
26.22,0.0478828,-0.059645
26.23,0.0472846,-0.0600012
26.24,0.0466828,-0.0603507
26.25,0.0460776,-0.0606934
26.26,0.045469,-0.0610294
26.27,0.0448571,-0.0613587
26.28,0.0442418,-0.0616811
26.29,0.0436235,-0.0619968
26.3,0.0430019,-0.0623056
26.31,0.0423774,-0.0626076
26.32,0.0417498,-0.0629027
26.33,0.0411193,-0.063191
26.34,0.040486,-0.0634724
26.35,0.0398499,-0.0637468
26.36,0.0392111,-0.0640144
26.37,0.0385696,-0.064275
26.38,0.0379256,-0.0645286
26.39,0.0372791,-0.0647754
26.4,0.0366301,-0.0650151
26.41,0.0359788,-0.0652479
26.42,0.0353252,-0.0654737
26.43,0.0346694,-0.0656925
26.44,0.0340114,-0.0659043
26.45,0.0333513,-0.0661091
26.46,0.0326892,-0.0663069
26.47,0.0320252,-0.0664977
26.48,0.0313593,-0.0666814
26.49,0.0306916,-0.0668581
26.5,0.0300221,-0.0670278
26.51,0.029351,-0.0671905
26.52,0.0286784,-0.0673461
26.53,0.0280041,-0.0674946
26.54,0.0273285,-0.0676362
26.55,0.0266514,-0.0677707
26.56,0.0259731,-0.0678981
26.57,0.0252935,-0.0680185
26.58,0.0246128,-0.0681319
26.59,0.0239309,-0.0682383
26.6,0.023248,-0.0683376
26.61,0.0225642,-0.0684299
26.62,0.0218794,-0.0685152
26.63,0.0211939,-0.0685934
26.64,0.0205076,-0.0686647
26.65,0.0198206,-0.0687289
26.66,0.019133,-0.0687862
26.67,0.0184449,-0.0688364
26.68,0.0177563,-0.0688797
26.69,0.0170673,-0.068916
26.7,0.016378,-0.0689454
26.71,0.0156885,-0.0689678
26.72,0.0149987,-0.0689833
26.73,0.0143088,-0.0689919
26.74,0.0136189,-0.0689935
26.75,0.012929,-0.0689883
26.76,0.0122391,-0.0689762
26.77,0.0115495,-0.0689572
26.78,0.01086,-0.0689313
26.79,0.0101709,-0.0688986
26.8,0.00948207,-0.0688591
26.81,0.00879371,-0.0688129
26.82,0.00810584,-0.0687598
26.83,0.00741853,-0.0686999
26.84,0.00673186,-0.0686334
26.85,0.00604589,-0.06856
26.86,0.00536068,-0.06848
26.87,0.00467631,-0.0683933
26.88,0.00399284,-0.0683
26.89,0.00331033,-0.0682
26.9,0.00262886,-0.0680934
26.91,0.00194849,-0.0679802
26.92,0.00126928,-0.0678605
26.93,0.000591298,-0.0677342
26.94,-8.53851e-005,-0.0676014
26.95,-0.000760708,-0.0674621
26.96,-0.0014346,-0.0673163
26.97,-0.00210701,-0.0671641
26.98,-0.00277787,-0.0670055
26.99,-0.0034471,-0.0668406
27,-0.00411466,-0.0666692
27.01,-0.00478047,-0.0664916
27.02,-0.00544447,-0.0663077
27.03,-0.0061066,-0.0661175
27.04,-0.0067668,-0.0659211
27.05,-0.007425,-0.0657185
27.06,-0.00808114,-0.0655097
27.07,-0.00873517,-0.0652948
27.08,-0.00938702,-0.0650738
27.09,-0.0100366,-0.0648468
27.1,-0.0106839,-0.0646137
27.11,-0.0113289,-0.0643747
27.12,-0.0119714,-0.0641297
27.13,-0.0126115,-0.0638787
27.14,-0.013249,-0.0636219
27.15,-0.0138839,-0.0633593
27.16,-0.0145161,-0.0630908
27.17,-0.0151457,-0.0628166
27.18,-0.0157724,-0.0625367
27.19,-0.0163964,-0.062251
27.2,-0.0170174,-0.0619597
27.21,-0.0176356,-0.0616629
27.22,-0.0182507,-0.0613604
27.23,-0.0188628,-0.0610524
27.24,-0.0194717,-0.0607389
27.25,-0.0200775,-0.06042
27.26,-0.0206801,-0.0600957
27.27,-0.0212794,-0.0597661
27.28,-0.0218754,-0.0594311
27.29,-0.022468,-0.0590909
27.3,-0.0230572,-0.0587454
27.31,-0.0236429,-0.0583947
27.32,-0.0242251,-0.058039
27.33,-0.0248037,-0.0576781
27.34,-0.0253786,-0.0573122
27.35,-0.0259499,-0.0569413
27.36,-0.0265174,-0.0565654
27.37,-0.0270812,-0.0561847
27.38,-0.0276411,-0.0557991
27.39,-0.0281972,-0.0554087
27.4,-0.0287493,-0.0550135
27.41,-0.0292974,-0.0546137
27.42,-0.0298415,-0.0542092
27.43,-0.0303816,-0.0538
27.44,-0.0309175,-0.0533863
27.45,-0.0314493,-0.0529681
27.46,-0.0319769,-0.0525455
27.47,-0.0325002,-0.0521184
27.48,-0.0330192,-0.051687
27.49,-0.0335339,-0.0512513
27.5,-0.0340442,-0.0508114
27.51,-0.0345501,-0.0503672
27.52,-0.0350516,-0.0499189
27.53,-0.0355485,-0.0494665
27.54,-0.0360409,-0.0490101
27.55,-0.0365287,-0.0485497
27.56,-0.0370119,-0.0480853
27.57,-0.0374904,-0.0476171
27.58,-0.0379642,-0.0471451
27.59,-0.0384333,-0.0466693
27.6,-0.0388976,-0.0461898
27.61,-0.039357,-0.0457066
27.62,-0.0398117,-0.0452198
27.63,-0.0402614,-0.0447295
27.64,-0.0407063,-0.0442357
27.65,-0.0411461,-0.0437384
27.66,-0.041581,-0.0432378
27.67,-0.0420109,-0.0427339
27.68,-0.0424357,-0.0422267
27.69,-0.0428554,-0.0417163
27.7,-0.04327,-0.0412027
27.71,-0.0436794,-0.0406861
27.72,-0.0440837,-0.0401664
27.73,-0.0444828,-0.0396438
27.74,-0.0448766,-0.0391182
27.75,-0.0452651,-0.0385898
27.76,-0.0456484,-0.0380586
27.77,-0.0460263,-0.0375246
27.78,-0.0463988,-0.036988
27.79,-0.046766,-0.0364487
27.8,-0.0471278,-0.0359069
27.81,-0.0474842,-0.0353625
27.82,-0.0478351,-0.0348158
27.83,-0.0481805,-0.0342666
27.84,-0.0485204,-0.0337151
27.85,-0.0488548,-0.0331613
27.86,-0.0491836,-0.0326054
27.87,-0.0495069,-0.0320473
27.88,-0.0498245,-0.0314871
27.89,-0.0501366,-0.0309249
27.9,-0.050443,-0.0303607
27.91,-0.0507438,-0.0297946
27.92,-0.0510389,-0.0292266
27.93,-0.0513283,-0.0286569
27.94,-0.051612,-0.0280855
27.95,-0.05189,-0.0275123
27.96,-0.0521623,-0.0269376
27.97,-0.0524288,-0.0263614
27.98,-0.0526895,-0.0257836
27.99,-0.0529444,-0.0252045
28,-0.0531936,-0.0246239
28.01,-0.0534369,-0.0240421
28.02,-0.0536744,-0.0234591
28.03,-0.0539061,-0.0228748
28.04,-0.0541319,-0.0222895
28.05,-0.0543519,-0.021703
28.06,-0.054566,-0.0211156
28.07,-0.0547742,-0.0205273
28.08,-0.0549765,-0.019938
28.09,-0.055173,-0.019348
28.1,-0.0553635,-0.0187572
28.11,-0.0555481,-0.0181657
28.12,-0.0557268,-0.0175736
28.13,-0.0558996,-0.0169809
28.14,-0.0560664,-0.0163877
28.15,-0.0562273,-0.0157941
28.16,-0.0563823,-0.0152
28.17,-0.0565313,-0.0146056
28.18,-0.0566744,-0.014011
28.19,-0.0568115,-0.0134161
28.2,-0.0569427,-0.0128211
28.21,-0.057068,-0.012226
28.22,-0.0571872,-0.0116309
28.23,-0.0573006,-0.0110358
28.24,-0.057408,-0.0104407
28.25,-0.0575094,-0.00984586
28.26,-0.0576049,-0.00925118
28.27,-0.0576944,-0.00865677
28.28,-0.057778,-0.00806269
28.29,-0.0578557,-0.00746898
28.3,-0.0579274,-0.00687572
28.31,-0.0579932,-0.00628295
28.32,-0.0580531,-0.00569074
28.33,-0.058107,-0.00509915
28.34,-0.058155,-0.00450822
28.35,-0.0581972,-0.00391803
28.36,-0.0582334,-0.00332863
28.37,-0.0582637,-0.00274007
28.38,-0.0582882,-0.00215241
28.39,-0.0583068,-0.00156571
28.4,-0.0583195,-0.000980031
28.41,-0.0583264,-0.000395421
28.42,-0.0583274,0.00018806
28.43,-0.0583226,0.000770357
28.44,-0.058312,0.00135141
28.45,-0.0582956,0.00193117
28.46,-0.0582734,0.00250958
28.47,-0.0582454,0.00308659
28.48,-0.0582117,0.00366213
28.49,-0.0581722,0.00423615
28.5,-0.058127,0.00480861
28.51,-0.058076,0.00537944
28.52,-0.0580194,0.00594859
28.53,-0.0579571,0.00651601
28.54,-0.0578891,0.00708165
28.55,-0.0578154,0.00764545
28.56,-0.0577362,0.00820736
28.57,-0.0576513,0.00876733
28.58,-0.0575608,0.0093253
28.59,-0.0574648,0.00988123
28.6,-0.0573632,0.0104351
28.61,-0.0572561,0.0109867
28.62,-0.0571435,0.0115362
28.63,-0.0570254,0.0120834
28.64,-0.0569018,0.0126284
28.65,-0.0567728,0.0131709
28.66,-0.0566384,0.0137111
28.67,-0.0564986,0.0142489
28.68,-0.0563534,0.0147841
28.69,-0.0562029,0.0153168
28.7,-0.0560471,0.0158469
28.71,-0.055886,0.0163743
28.72,-0.0557196,0.0168991
28.73,-0.055548,0.0174211
28.74,-0.0553712,0.0179403
28.75,-0.0551892,0.0184567
28.76,-0.0550021,0.0189703
28.77,-0.0548098,0.0194809
28.78,-0.0546125,0.0199885
28.79,-0.0544101,0.0204932
28.8,-0.0542026,0.0209947
28.81,-0.0539902,0.0214932
28.82,-0.0537728,0.0219886
28.83,-0.0535504,0.0224807
28.84,-0.0533232,0.0229696
28.85,-0.0530911,0.0234553
28.86,-0.0528541,0.0239376
28.87,-0.0526123,0.0244166
28.88,-0.0523658,0.0248922
28.89,-0.0521145,0.0253643
28.9,-0.0518585,0.025833
28.91,-0.0515978,0.0262982
28.92,-0.0513325,0.0267598
28.93,-0.0510627,0.0272178
28.94,-0.0507882,0.0276721
28.95,-0.0505092,0.0281228
28.96,-0.0502258,0.0285698
28.97,-0.0499378,0.029013
28.98,-0.0496455,0.0294525
28.99,-0.0493488,0.0298881
29,-0.0490478,0.0303199
29.01,-0.0487424,0.0307478
29.02,-0.0484328,0.0311718
29.03,-0.048119,0.0315918
29.04,-0.047801,0.0320078
29.05,-0.0474789,0.0324197
29.06,-0.0471526,0.0328276
29.07,-0.0468223,0.0332315
29.08,-0.046488,0.0336312
29.09,-0.0461497,0.0340267
29.1,-0.0458075,0.034418
29.11,-0.0454614,0.0348052
29.12,-0.0451114,0.035188
29.13,-0.0447576,0.0355666
29.14,-0.0444001,0.0359409
29.15,-0.0440388,0.0363108
29.16,-0.0436739,0.0366764
29.17,-0.0433053,0.0370376
29.18,-0.0429331,0.0373944
29.19,-0.0425574,0.0377467
29.2,-0.0421782,0.0380945
29.21,-0.0417955,0.0384379
29.22,-0.0414095,0.0387767
29.23,-0.04102,0.0391109
29.24,-0.0406273,0.0394406
29.25,-0.0402312,0.0397657
29.26,-0.039832,0.0400862
29.27,-0.0394295,0.040402
29.28,-0.0390239,0.0407132
29.29,-0.0386153,0.0410196
29.3,-0.0382036,0.0413214
29.31,-0.0377889,0.0416184
29.32,-0.0373712,0.0419107
29.33,-0.0369507,0.0421982
29.34,-0.0365273,0.0424809
29.35,-0.0361011,0.0427588
29.36,-0.0356721,0.0430319
29.37,-0.0352404,0.0433001
29.38,-0.0348061,0.0435635
29.39,-0.0343692,0.043822
29.4,-0.0339297,0.0440756
29.41,-0.0334877,0.0443242
29.42,-0.0330432,0.044568
29.43,-0.0325963,0.0448068
29.44,-0.0321471,0.0450407
29.45,-0.0316956,0.0452696
29.46,-0.0312417,0.0454935
29.47,-0.0307857,0.0457125
29.48,-0.0303275,0.0459264
29.49,-0.0298672,0.0461353
29.5,-0.0294048,0.0463392
29.51,-0.0289404,0.046538
29.52,-0.0284741,0.0467318
29.53,-0.0280058,0.0469206
29.54,-0.0275357,0.0471043
29.55,-0.0270637,0.0472829
29.56,-0.02659,0.0474564
29.57,-0.0261146,0.0476249
29.58,-0.0256375,0.0477882
29.59,-0.0251589,0.0479465
29.6,-0.0246786,0.0480996
29.61,-0.0241969,0.0482476
29.62,-0.0237137,0.0483905
29.63,-0.0232291,0.0485283
29.64,-0.0227432,0.048661
29.65,-0.0222559,0.0487886
29.66,-0.0217674,0.048911
29.67,-0.0212777,0.0490283
29.68,-0.0207868,0.0491404
29.69,-0.0202949,0.0492474
29.7,-0.0198019,0.0493493
29.71,-0.0193079,0.0494461
29.72,-0.018813,0.0495377
29.73,-0.0183172,0.0496242
29.74,-0.0178205,0.0497055
29.75,-0.0173231,0.0497818
29.76,-0.0168249,0.0498529
29.77,-0.0163261,0.0499189
29.78,-0.0158266,0.0499797
29.79,-0.0153265,0.0500355
29.8,-0.0148259,0.0500861
29.81,-0.0143248,0.0501317
29.82,-0.0138233,0.0501721
29.83,-0.0133214,0.0502074
29.84,-0.0128191,0.0502377
29.85,-0.0123166,0.0502629
29.86,-0.0118139,0.050283
29.87,-0.011311,0.050298
29.88,-0.0108079,0.050308
29.89,-0.0103048,0.0503129
29.9,-0.0098017,0.0503129
29.91,-0.00929859,0.0503077
29.92,-0.00879556,0.0502976
29.93,-0.00829266,0.0502825
29.94,-0.00778993,0.0502623
29.95,-0.00728743,0.0502372
29.96,-0.0067852,0.0502071
29.97,-0.0062833,0.0501721
29.98,-0.00578178,0.0501321
29.99,-0.00528068,0.0500872
