1.38879e-011,5.22106e-011,1.89335e-010,6.62296e-010,2.23472e-009,7.27355e-009,2.2836e-008,6.91581e-008,2.02031e-007,5.69301e-007,1.54745e-006,4.05735e-006,1.02617e-005,2.50348e-005,5.89143e-005,0.000133736,0.000292837,0.00061852,0.00126018,0.00247663,0.00469506,0.0085856,0.0151444,0.0257681,0.0422925,0.0669568,0.102253,0.150629,0.214039,0.293377,0.387892,0.494703,0.608597,0.722213,0.826706,0.912824,0.972241,0.998875,0.989917,0.946317,0.87262,0.776183,0.665968,0.55118,0.440031,0.338863,0.251719,0.180367,0.124666,0.0831175,0.0534546,0.0331611,0.0198437,0.0114543,0.00637767,0.00342537,0.00177461,0.000886848,0.00042751,0.000198789,8.91642e-005,3.85779e-005,1.61004e-005,6.48166e-006,2.51701e-006,9.42835e-007,3.40671e-007,1.18737e-007,3.99197e-008,1.29461e-008,4.04987e-009,1.22206e-009,3.55711e-010,9.98736e-011,2.70492e-011,7.06657e-012,1.78079e-012,4.32882e-013,1.01502e-013,2.29578e-014,5.00885e-015,1.05413e-015,2.13994e-016,4.19045e-017,7.91533e-018,1.44221e-018,2.53476e-019,4.29731e-020,7.0276e-021,1.10858e-021,1.68686e-022,2.47594e-023,3.50552e-024,4.78757e-025,6.30708e-026,8.01479e-027,9.82439e-028,1.16164e-028,1.32491e-029,1.45764e-030,1.54691e-031,1.58355e-032,1.56368e-033,1.48942e-034,1.36846e-035,1.21283e-036,1.03686e-037,8.55044e-039,6.80155e-040,5.21889e-041,3.86276e-042,2.75784e-043,1.89928e-044,1.26172e-045,8.08507e-047,4.99754e-048,2.97975e-049,1.71377e-050,9.50772e-052,5.08804e-053,2.62649e-054,1.30783e-055,6.28169e-057,2.9104e-058,1.30071e-059,5.60733e-061,2.33176e-062,9.35323e-064,3.61901e-065,1.35073e-066,4.86293e-068,1.6888e-069,5.65729e-071,1.82805e-072,5.69797e-074,1.71318e-075,4.9686e-077,1.39e-078,3.75102e-080,9.76411e-082,2.4517e-083,5.93814e-085,1.38735e-086,3.12659e-088,6.79683e-090,1.42525e-091,2.8829e-093,5.62492e-095,1.05865e-096,0
1.38879e-011,2.57779e-011,4.36497e-011,1.60828e-010,8.72574e-010,2.79532e-009,8.71973e-009,2.72105e-008,8.19563e-008,2.37812e-007,6.65624e-007,1.79723e-006,4.68108e-006,1.17614e-005,2.85063e-005,6.66491e-005,0.000150322,0.000327057,0.000686438,0.00138982,0.00271452,0.00511458,0.00929634,0.0163004,0.0275724,0.0449927,0.0708275,0.107562,0.157584,0.222725,0.303689,0.399481,0.506961,0.620678,0.73312,0.835419,0.918454,0.974177,0.996895,0.984228,0.937521,0.861606,0.763982,0.653595,0.539497,0.429664,0.330166,0.244796,0.175125,0.120885,0.0805149,0.051745,0.0320887,0.0192015,0.0110871,0.00617746,0.00332135,0.00172321,0.00086275,0.000416833,0.000194346,8.74437e-005,3.7969e-005,1.59105e-005,6.43424e-006,2.51117e-006,9.45861e-007,3.4384e-007,1.20634e-007,4.08486e-008,1.335e-008,4.21106e-009,1.28208e-009,3.76751e-010,1.06862e-010,2.92565e-011,7.73152e-012,1.97222e-012,4.85626e-013,1.15428e-013,2.64846e-014,5.86618e-015,1.25431e-015,2.58909e-016,5.15934e-017,9.92553e-018,1.84346e-018,3.30553e-019,5.72251e-020,9.56483e-021,1.54356e-021,2.40509e-022,3.61836e-023,5.25622e-024,7.37269e-025,9.98566e-026,1.30598e-026,1.64935e-027,2.01149e-028,2.36895e-029,2.69427e-030,2.95925e-031,3.13895e-032,3.2156e-033,3.18143e-034,3.04001e-035,2.80562e-036,2.50089e-037,2.15318e-038,1.79059e-039,1.43831e-040,1.11598e-041,8.36405e-043,6.05542e-044,4.23494e-045,2.86111e-046,1.86731e-047,1.17733e-048,7.17118e-050,4.21989e-051,2.39904e-052,1.31768e-053,6.99234e-055,3.58496e-056,1.77583e-057,8.4993e-059,3.93036e-060,1.75613e-061,7.58163e-063,3.16267e-064,1.27478e-065,4.96491e-067,1.86847e-068,6.79458e-070,2.3875e-071,8.10644e-073,2.65965e-074,8.43193e-076,2.58308e-077,7.64635e-079,2.18714e-080,6.04507e-082,1.61445e-083,4.16622e-085,1.03884e-086,2.50285e-088,5.82636e-090,1.31062e-091,2.77214e-093,0
1.38879e-011,6.64043e-012,3.71228e-011,1.08972e-010,2.96756e-010,1.31256e-009,3.83787e-009,1.28339e-008,4.04009e-008,1.1717e-007,3.31559e-007,9.11299e-007,2.4151e-006,6.17471e-006,1.52389e-005,3.63021e-005,8.34708e-005,0.000185251,0.000396831,0.000820489,0.00163741,0.00315401,0.00586389,0.0105227,0.018226,0.0304701,0.0491677,0.0765792,0.115125,0.167054,0.23398,0.316327,0.412795,0.51997,0.632223,0.742024,0.840668,0.919384,0.970602,0.989152,0.973127,0.924204,0.847356,0.750016,0.6409,0.52873,0.421124,0.323837,0.240434,0.172355,0.119295,0.0797269,0.0514491,0.0320593,0.0192906,0.0112089,0.00628951,0.00340819,0.00178358,0.000901445,0.000440023,0.000207451,9.44654e-005,4.15492e-005,1.76522e-005,7.24432e-006,2.87192e-006,1.09987e-006,4.06929e-007,1.45452e-007,5.02302e-008,1.67597e-008,5.40314e-009,1.68314e-009,5.06645e-010,1.47373e-010,4.14268e-011,1.12541e-011,2.9548e-012,7.49812e-013,1.83909e-013,4.36012e-014,9.9922e-015,2.21366e-015,4.74101e-016,9.8166e-017,1.96518e-017,3.80381e-018,7.11919e-019,1.28843e-019,2.25494e-020,3.81657e-021,6.2474e-022,9.89096e-023,1.51465e-023,2.24362e-024,3.21492e-025,4.45657e-026,5.97677e-027,7.75518e-028,9.73651e-029,1.18284e-029,1.39055e-030,1.58201e-031,1.7419e-032,1.85632e-033,1.91481e-034,1.91191e-035,1.84802e-036,1.7293e-037,1.56669e-038,1.37429e-039,1.16729e-040,9.60092e-042,7.64732e-043,5.89924e-044,4.40758e-045,3.18971e-046,2.23602e-047,1.51846e-048,9.98991e-050,6.36764e-051,3.93263e-052,2.35344e-053,1.36479e-054,7.6701e-056,4.17769e-057,2.20547e-058,1.12855e-059,5.59792e-061,2.69182e-062,1.25489e-063,5.67195e-065,2.48575e-066,1.05635e-067,4.35318e-069,1.73975e-070,6.74333e-072,2.5351e-073,9.2444e-075,3.27002e-076,1.12211e-077,3.73564e-079,1.2066e-080,3.78144e-082,1.14993e-083,3.39352e-085,9.72769e-087,2.64815e-088,0
1.38879e-011,1.84707e-011,1.89317e-011,6.65415e-011,2.56935e-010,6.62336e-010,2.57283e-009,7.34491e-009,2.32868e-008,6.88685e-008,1.94927e-007,5.42196e-007,1.44061e-006,3.6906e-006,9.16843e-006,2.20146e-005,5.10484e-005,0.000114373,0.000247607,0.000517933,0.00104675,0.00204392,0.00385596,0.0070282,0.0123764,0.0210562,0.0346097,0.05496,0.0843189,0.124978,0.178966,0.247595,0.330936,0.427351,0.533168,0.642669,0.748446,0.842147,0.915538,0.961687,0.976039,0.957161,0.906978,0.830447,0.734753,0.628198,0.519026,0.414411,0.319768,0.238461,0.171866,0.11972,0.0806063,0.0524575,0.0329991,0.0200663,0.0117957,0.00670335,0.00368288,0.00195628,0.00100472,0.000498942,0.000239589,0.000111254,4.99602e-005,2.16977e-005,9.11394e-006,3.70279e-006,1.45514e-006,5.53174e-007,2.03434e-007,7.23801e-008,2.49157e-008,8.29882e-009,2.6747e-009,8.34216e-010,2.518e-010,7.35591e-011,2.07994e-011,5.69288e-012,1.50837e-012,3.86912e-013,9.60895e-014,2.31064e-014,5.38042e-015,1.21327e-015,2.64968e-016,5.60477e-017,1.14838e-017,2.27934e-018,4.38296e-019,8.16574e-020,1.47411e-020,2.57875e-021,4.37187e-022,7.18364e-023,1.14414e-023,1.76647e-024,2.64403e-025,3.83708e-026,5.3994e-027,7.36788e-028,9.75059e-029,1.25156e-029,1.55827e-030,1.88213e-031,2.20551e-032,2.50764e-033,2.76669e-034,2.96233e-035,3.07843e-036,3.1052e-037,3.04058e-038,2.89051e-039,2.668e-040,2.3913e-041,2.08143e-042,1.75961e-043,1.4449e-044,1.15258e-045,8.93232e-047,6.72603e-048,4.92154e-049,3.49974e-050,2.41884e-051,1.62504e-052,1.06133e-053,6.73924e-055,4.16096e-056,2.4983e-057,1.45885e-058,8.28592e-060,4.57804e-061,2.46079e-062,1.28699e-063,6.54981e-065,3.24402e-066,1.56383e-067,7.33825e-069,3.35232e-070,1.49107e-071,6.45797e-073,2.72392e-074,1.11903e-075,4.4781e-077,1.74581e-078,6.63171e-080,2.46006e-081,8.74893e-083,0
1.38879e-011,9.08399e-012,2.60281e-011,5.99269e-011,1.61833e-010,6.44561e-010,1.69603e-009,5.88252e-009,1.64875e-008,4.91832e-008,1.37758e-007,3.74488e-007,9.94692e-007,2.53457e-006,6.27102e-006,1.50099e-005,3.47024e-005,7.77095e-005,0.000168462,0.000353256,0.000716647,0.00140669,0.0026714,0.00490803,0.00872354,0.0149998,0.0249505,0.0401481,0.0624937,0.0940996,0.137061,0.193115,0.263201,0.346999,0.442528,0.545915,0.651453,0.752002,0.839726,0.907078,0.947864,0.958187,0.937056,0.886549,0.811468,0.718595,0.615678,0.51038,0.409373,0.317721,0.23861,0.173408,0.121956,0.0830057,0.0546774,0.0348596,0.0215117,0.0128495,0.00742985,0.00415894,0.00225382,0.00118254,0.000600757,0.000295527,0.000140779,6.4946e-005,2.90181e-005,1.2558e-005,5.26424e-006,2.13771e-006,8.40996e-007,3.20555e-007,1.18388e-007,4.23691e-008,1.46946e-008,4.93939e-009,1.60928e-009,5.08238e-010,1.55604e-010,4.61883e-011,1.32935e-011,3.71006e-012,1.00415e-012,2.63592e-013,6.71155e-014,1.65773e-014,3.97234e-015,9.23556e-016,2.08357e-016,4.56167e-017,9.69293e-018,1.99915e-018,4.0026e-019,7.78015e-020,1.46835e-020,2.691e-021,4.78944e-022,8.27926e-023,1.39021e-023,2.26776e-024,3.59412e-025,5.53492e-026,8.28332e-027,1.20481e-027,1.70335e-028,2.34105e-029,3.12813e-030,4.06424e-031,5.13501e-032,6.3099e-033,7.54176e-034,8.76884e-035,9.91934e-036,1.0918e-036,1.16944e-037,1.21909e-038,1.237e-039,1.22189e-040,1.17509e-041,1.10038e-042,1.00346e-043,8.91232e-045,7.71029e-046,6.4982e-047,5.33593e-048,4.26948e-049,3.32921e-050,2.53024e-051,1.87453e-052,1.3539e-053,9.53443e-055,6.54751e-056,4.38514e-057,2.86465e-058,1.82556e-059,1.13504e-060,6.88606e-062,4.07694e-063,2.35589e-064,1.3289e-065,7.31808e-067,3.93488e-068,2.06609e-069,1.05952e-070,5.30724e-072,2.59706e-073,1.24174e-074,5.82371e-076,2.63926e-077,0
1.38879e-011,1.63574e-011,1.87412e-011,5.56735e-011,1.90476e-010,4.98875e-010,1.79985e-009,4.82245e-009,1.5111e-008,4.11108e-008,1.1519e-007,3.05708e-007,7.91672e-007,1.99482e-006,4.84965e-006,1.14722e-005,2.6263e-005,5.82624e-005,0.000125357,0.00026127,0.000527809,0.00103364,0.00196143,0.00360643,0.00642562,0.0110934,0.0185567,0.0300751,0.0472255,0.0718449,0.10589,0.151199,0.209154,0.280288,0.363879,0.457637,0.557566,0.658085,0.752454,0.833472,0.894377,0.929764,0.936386,0.913637,0.863652,0.790971,0.701859,0.603421,0.502673,0.405752,0.317367,0.240551,0.176692,0.125779,0.0867764,0.0580259,0.037609,0.0236284,0.0143905,0.00849653,0.00486362,0.00269935,0.00145267,0.000758082,0.000383651,0.000188304,8.96437e-005,4.13951e-005,1.85432e-005,8.05858e-006,3.39789e-006,1.39019e-006,5.51937e-007,2.12664e-007,7.95295e-008,2.8869e-008,1.01729e-008,3.48021e-009,1.15601e-009,3.72865e-010,1.16794e-010,3.55311e-011,1.04994e-011,3.0139e-012,8.40524e-013,2.27757e-013,5.99711e-014,1.53464e-014,3.8169e-015,9.22793e-016,2.16887e-016,4.9562e-017,1.10128e-017,2.37973e-018,5.00138e-019,1.02243e-019,2.03333e-020,3.93427e-021,7.40717e-022,1.35714e-022,2.42007e-023,4.20068e-024,7.09817e-025,1.16778e-025,1.87076e-026,2.91855e-027,4.43467e-028,6.56376e-029,9.46442e-030,1.32965e-030,1.82029e-031,2.42856e-032,3.15807e-033,4.00323e-034,4.9473e-035,5.96141e-036,7.00497e-037,8.02776e-038,8.97361e-039,9.78541e-040,1.04108e-040,1.08078e-041,1.09494e-042,1.08267e-043,1.045e-044,9.84694e-046,9.05953e-047,8.13924e-048,7.14154e-049,6.12045e-050,5.12406e-051,4.1912e-052,3.34976e-053,2.61633e-054,1.99724e-055,1.49033e-056,1.08719e-057,7.75455e-059,5.40864e-060,3.68941e-061,2.46161e-062,1.60668e-063,1.026e-064,6.41094e-066,3.92026e-067,2.34625e-068,1.37458e-069,7.93109e-071,4.45152e-072,0
1.38879e-011,1.15178e-011,2.77907e-011,6.73487e-011,1.89281e-010,6.50335e-010,1.7347e-009,5.51668e-009,1.46513e-008,4.19236e-008,1.09311e-007,2.87323e-007,7.21165e-007,1.77024e-006,4.22118e-006,9.75734e-006,2.19599e-005,4.79181e-005,0.000101599,0.000209172,0.000417965,0.000811091,0.00152797,0.00279422,0.00496087,0.00854915,0.0142994,0.0232142,0.0365778,0.055935,0.0830107,0.119553,0.167089,0.226614,0.298243,0.380879,0.47199,0.567548,0.662207,0.749729,0.823633,0.877977,0.908146,0.911497,0.887743,0.838993,0.769446,0.684786,0.591427,0.49571,0.403228,0.318334,0.243918,0.181405,0.130953,0.0917635,0.0624207,0.0412208,0.0264275,0.0164503,0.00994247,0.00583507,0.00332551,0.0018406,0.000989416,0.000516595,0.000262002,0.000129085,6.17871e-005,2.87347e-005,1.29849e-005,5.702e-006,2.43341e-006,1.00934e-006,4.06944e-007,1.59495e-007,6.07735e-008,2.25153e-008,8.11114e-009,2.84162e-009,9.68225e-010,3.20889e-010,1.03454e-010,3.24486e-011,9.90258e-012,2.9407e-012,8.49863e-013,2.39051e-013,6.54517e-014,1.74458e-014,4.52736e-015,1.14402e-015,2.81518e-016,6.74699e-017,1.57506e-017,3.5819e-018,7.9362e-019,1.71334e-019,3.60458e-020,7.39096e-021,1.47717e-021,2.87802e-022,5.46694e-023,1.01259e-023,1.82899e-024,3.22203e-025,5.53658e-026,9.28109e-027,1.51794e-027,2.42247e-028,3.77281e-029,5.73491e-030,8.50934e-031,1.23261e-031,1.74327e-032,2.40753e-033,3.24711e-034,4.27752e-035,5.50442e-036,6.92002e-037,8.50028e-038,1.02033e-038,1.19697e-039,1.37251e-040,1.53847e-041,1.686e-042,1.80665e-043,1.89318e-044,1.94026e-045,1.94507e-046,1.90752e-047,1.83028e-048,1.71842e-049,1.57893e-050,1.41992e-051,1.24994e-052,1.07719e-053,9.08912e-055,7.50992e-056,6.07695e-057,4.81643e-058,3.73944e-059,2.84432e-060,2.1198e-061,1.54813e-062,1.10804e-063,7.7729e-065,5.39189e-066,3.65939e-067,0
1.38879e-011,1.87591e-011,2.91922e-011,9.42503e-011,2.76049e-010,7.74377e-010,2.35839e-009,6.25904e-009,1.77964e-008,4.57287e-008,1.20586e-007,2.9876e-007,7.3652e-007,1.74606e-006,4.05244e-006,9.13827e-006,2.0048e-005,4.28469e-005,8.89962e-005,0.000179974,0.000353936,0.000677033,0.00125988,0.00227988,0.00401271,0.00686858,0.0114324,0.0185041,0.0291218,0.0445609,0.0662935,0.0958871,0.134833,0.184316,0.244934,0.316405,0.397317,0.484974,0.575416,0.663622,0.743927,0.810602,0.858522,0.883813,0.884375,0.860166,0.813208,0.747309,0.667552,0.579648,0.489269,0.401463,0.320237,0.248336,0.187225,0.137233,0.0978018,0.067771,0.0456636,0.029919,0.0190633,0.0118126,0.00711897,0.00417288,0.0023792,0.00131956,0.000711964,0.000373724,0.00019087,9.48532e-005,4.58695e-005,2.15869e-005,9.88742e-006,4.40798e-006,1.91292e-006,8.08145e-007,3.32398e-007,1.33119e-007,5.19128e-008,1.97153e-008,7.2923e-009,2.62725e-009,9.22049e-010,3.15258e-010,1.05022e-010,3.40911e-011,1.07843e-011,3.32487e-012,9.99165e-013,2.92701e-013,8.3595e-014,2.32784e-014,6.32103e-015,1.67391e-015,4.32346e-016,1.08927e-016,2.67725e-017,6.42012e-018,1.50225e-018,3.43036e-019,7.64505e-020,1.66308e-020,3.53174e-021,7.32243e-022,1.48239e-022,2.93061e-023,5.65839e-024,1.06713e-024,1.96599e-025,3.5386e-026,6.22331e-027,1.06955e-027,1.79646e-028,2.94932e-029,4.73332e-030,7.42675e-031,1.13939e-031,1.70936e-032,2.50803e-033,3.59935e-034,5.05307e-035,6.94028e-036,9.32693e-037,1.22657e-037,1.57864e-038,1.9887e-039,2.45242e-040,2.96082e-041,3.50001e-042,4.05151e-043,4.5931e-044,5.1002e-045,5.54768e-046,5.91189e-047,6.17277e-048,6.31567e-049,6.33279e-050,6.22387e-051,5.9961e-052,5.6633e-053,5.24458e-054,4.76251e-055,4.24119e-056,3.70439e-057,3.17376e-058,2.6674e-059,2.19912e-060,1.80084e-061,1.44981e-062,0
1.38879e-011,1.40388e-011,5.88534e-011,1.33759e-010,4.28847e-010,1.16718e-009,3.20137e-009,8.70255e-009,2.23341e-008,5.78744e-008,1.41791e-007,3.47145e-007,8.13833e-007,1.88387e-006,4.21845e-006,9.25235e-006,1.97433e-005,4.10975e-005,8.34126e-005,0.000164926,0.000318006,0.000597339,0.0010936,0.00195095,0.00339091,0.00574289,0.00947545,0.0152308,0.0238503,0.0363801,0.0540532,0.0782265,0.110263,0.151368,0.202379,0.263511,0.334131,0.412583,0.496104,0.580884,0.662298,0.735289,0.79487,0.83669,0.857549,0.855811,0.831611,0.786842,0.724905,0.650287,0.568019,0.483128,0.400137,0.322709,0.253443,0.193833,0.144365,0.104713,0.0739707,0.0508922,0.0341031,0.022259,0.0141517,0.00876433,0.00528763,0.00310784,0.00177965,0.000992914,0.000539783,0.000285945,0.000147615,7.42658e-005,3.64158e-005,1.74046e-005,8.10854e-006,3.68263e-006,1.63058e-006,7.03929e-007,2.96315e-007,1.21633e-007,4.8692e-008,1.90112e-008,7.2401e-009,2.68968e-009,9.74797e-010,3.44688e-010,1.18926e-010,4.00408e-011,1.31567e-011,4.21942e-012,1.32086e-012,4.0365e-013,1.20431e-013,3.5083e-014,9.9799e-015,2.77249e-015,7.52264e-016,1.99376e-016,5.16202e-017,1.30574e-017,3.22724e-018,7.79441e-019,1.83976e-019,4.24433e-020,9.57136e-021,2.11008e-021,4.54814e-022,9.58564e-023,1.97564e-023,3.98238e-024,7.85181e-025,1.51438e-025,2.8575e-026,5.27559e-027,9.5309e-028,1.68509e-028,2.91598e-029,4.93929e-030,8.19053e-031,1.32976e-031,2.11394e-032,3.29093e-033,5.01764e-034,7.49342e-035,1.09625e-035,1.5712e-036,2.20645e-037,3.0363e-038,4.09476e-039,5.41243e-040,7.01269e-041,8.90745e-042,1.10929e-042,1.35456e-043,1.62204e-044,1.90493e-045,2.19433e-046,2.47959e-047,2.74896e-048,2.99025e-049,3.19178e-050,3.34333e-051,3.43703e-052,3.46818e-053,3.43558e-054,3.3411e-055,3.18917e-056,3.03901e-057,2.85785e-058,0
1.38879e-011,3.79473e-011,6.44229e-011,2.84675e-010,6.53863e-010,1.93877e-009,4.84081e-009,1.26273e-008,3.13988e-008,7.65948e-008,1.83546e-007,4.25807e-007,9.73908e-007,2.1581e-006,4.70143e-006,9.95619e-006,2.06583e-005,4.17823e-005,8.26037e-005,0.000159423,0.000300395,0.000552789,0.000992828,0.00174111,0.00298025,0.00497937,0.00812063,0.0129249,0.0200774,0.0304363,0.045025,0.0649966,0.0915521,0.125825,0.168726,0.220742,0.28175,0.350841,0.426192,0.50505,0.583832,0.658352,0.724158,0.776973,0.813144,0.830067,0.82649,0.80267,0.760342,0.702508,0.633088,0.556477,0.477093,0.398965,0.325422,0.258907,0.200924,0.152096,0.112309,0.0808957,0.0568416,0.0389625,0.0260544,0.0169975,0.0108186,0.00671821,0.00407056,0.00240653,0.00138829,0.000781529,0.000429344,0.000230189,0.000120449,6.15162e-005,3.06665e-005,1.4923e-005,7.08909e-006,3.28772e-006,1.48867e-006,6.58155e-007,2.84129e-007,1.19782e-007,4.93156e-008,1.98303e-008,7.78855e-009,2.98814e-009,1.11994e-009,4.10085e-010,1.46714e-010,5.1289e-011,1.75214e-011,5.84977e-012,1.90886e-012,6.08849e-013,1.89839e-013,5.78679e-014,1.72467e-014,5.02609e-015,1.43235e-015,3.99209e-016,1.08824e-016,2.90179e-017,7.56939e-018,1.93175e-018,4.82367e-019,1.17864e-019,2.81842e-020,6.59616e-021,1.51105e-021,3.38853e-022,7.43929e-023,1.59912e-023,3.36591e-024,6.93805e-025,1.40065e-025,2.76964e-026,5.36487e-027,1.01808e-027,1.89292e-028,3.44869e-029,6.15731e-030,1.07742e-030,1.84792e-031,3.10688e-032,5.12099e-033,8.2759e-034,1.31144e-034,2.03798e-035,3.10606e-036,4.64327e-037,6.80904e-038,9.79582e-039,1.3827e-039,1.91509e-040,2.60293e-041,3.47212e-042,4.54607e-043,5.843e-044,7.37283e-045,9.13401e-046,1.11108e-046,1.32716e-047,1.55684e-048,1.79382e-049,2.03053e-050,2.25783e-051,2.46479e-052,2.70177e-053,2.92966e-054,0
1.38879e-011,1.86731e-011,2.04372e-010,3.92911e-010,1.35423e-009,3.01791e-009,8.14174e-009,1.90343e-008,4.65557e-008,1.07737e-007,2.47969e-007,5.55064e-007,1.21678e-006,2.61398e-006,5.47969e-006,1.1269e-005,2.26163e-005,4.44889e-005,8.54867e-005,0.00016082,0.000295769,0.000532098,0.000936209,0.00161064,0.00270999,0.00445798,0.00717084,0.0112773,0.0173389,0.026063,0.038297,0.0550099,0.0772387,0.106003,0.142194,0.186425,0.238873,0.29913,0.366072,0.437795,0.511639,0.584293,0.652013,0.710938,0.75744,0.788491,0.801985,0.796984,0.773821,0.734063,0.680335,0.616033,0.544973,0.471013,0.397718,0.328098,0.264434,0.208218,0.16018,0.120391,0.0884047,0.063425,0.0444585,0.0304485,0.0203752,0.0133221,0.00851119,0.00531328,0.00324119,0.00193209,0.0011255,0.000640728,0.000356475,0.000193833,0.000103012,5.35092e-005,2.71686e-005,1.34842e-005,6.54222e-006,3.10303e-006,1.43891e-006,6.52361e-007,2.89185e-007,1.25349e-007,5.31314e-008,2.20237e-008,8.92827e-009,3.54004e-009,1.37291e-009,5.20833e-010,1.93288e-010,7.01771e-011,2.49286e-011,8.66448e-012,2.94689e-012,9.80827e-013,3.19493e-013,1.0186e-013,3.17874e-014,9.7106e-015,2.90411e-015,8.50338e-016,2.4379e-016,6.84418e-017,1.88167e-017,5.06665e-018,1.33625e-018,3.45208e-019,8.73651e-020,2.16619e-020,5.26252e-021,1.25276e-021,2.92251e-022,6.68184e-023,1.49737e-023,3.28919e-024,7.08302e-025,1.49539e-025,3.09554e-026,6.28351e-027,1.25081e-027,2.442e-028,4.6763e-029,8.78417e-030,1.61875e-030,2.92671e-031,5.19204e-032,9.03848e-033,1.54416e-033,2.58924e-034,4.26161e-035,6.88545e-036,1.09216e-036,1.70086e-037,2.60093e-038,3.90578e-039,5.76039e-040,8.34451e-041,1.18737e-041,1.6597e-042,2.27912e-043,3.07503e-044,4.077e-045,5.31256e-046,6.80443e-047,8.56355e-048,1.05794e-048,1.32136e-049,1.63417e-050,0
1.38879e-011,1.20201e-010,2.18957e-010,1.03494e-009,2.06712e-009,5.86664e-009,1.27561e-008,3.13689e-008,6.95007e-008,1.58848e-007,3.45625e-007,7.49462e-007,1.5784e-006,3.27176e-006,6.63401e-006,1.3183e-005,2.56828e-005,4.89783e-005,9.15989e-005,0.000167686,0.000300932,0.000528796,0.000910456,0.00153529,0.00253579,0.00410236,0.00649927,0.0100846,0.0153231,0.0227998,0.0332199,0.0473929,0.0662033,0.0905455,0.121244,0.158946,0.203991,0.25629,0.31521,0.379485,0.447204,0.515847,0.582402,0.643577,0.696055,0.736777,0.763252,0.773804,0.767741,0.745433,0.708276,0.658553,0.59919,0.53348,0.464777,0.396222,0.330519,0.269782,0.21547,0.168389,0.128763,0.0963436,0.0705351,0.050529,0.0354185,0.0242928,0.0163036,0.0107067,0.00688014,0.00432628,0.00266204,0.0016029,0.000944484,0.000544618,0.000307333,0.000169729,9.17367e-005,4.85272e-005,2.51244e-005,1.27318e-005,6.3151e-006,3.06609e-006,1.45721e-006,6.77962e-007,3.08785e-007,1.37687e-007,6.01085e-008,2.56924e-008,1.07528e-008,4.40665e-009,1.76843e-009,6.94995e-010,2.67495e-010,1.00836e-010,3.72308e-011,1.3465e-011,4.77034e-012,1.65563e-012,5.62952e-013,1.87545e-013,6.12195e-014,1.9582e-014,6.1381e-015,1.88561e-015,5.67729e-016,1.67545e-016,4.84679e-017,1.37449e-017,3.82142e-018,1.04168e-018,2.78425e-019,7.29749e-020,1.87571e-020,4.72843e-021,1.16913e-021,2.83554e-022,6.74636e-023,1.57471e-023,3.60629e-024,8.10377e-025,1.78695e-025,3.86701e-026,8.21311e-027,1.71216e-027,3.50368e-028,7.03849e-029,1.38819e-029,2.68824e-030,5.11179e-031,9.54552e-032,1.75058e-032,3.1532e-033,5.5789e-034,9.69642e-035,1.6557e-035,2.7778e-036,4.5793e-037,7.41829e-038,1.18097e-038,1.84775e-039,2.84157e-040,4.29584e-041,6.38502e-042,9.33114e-043,1.34089e-043,1.89358e-044,2.62433e-045,3.70831e-046,5.18644e-047,0
1.38879e-011,6.60603e-011,7.67016e-010,1.49125e-009,4.59227e-009,9.36224e-009,2.30641e-008,4.88442e-008,1.10476e-007,2.33091e-007,4.98966e-007,1.02714e-006,2.10199e-006,4.18806e-006,8.22708e-006,1.58162e-005,2.98752e-005,5.5342e-005,0.000100588,0.000179425,0.000313884,0.000538923,0.000907444,0.00149932,0.00242967,0.00386253,0.00602296,0.00921159,0.0138188,0.0203306,0.0293361,0.0415134,0.0576095,0.0784003,0.104623,0.136905,0.175662,0.220993,0.272596,0.329669,0.390877,0.454356,0.517759,0.578391,0.633387,0.679912,0.715417,0.737869,0.745931,0.739101,0.717771,0.683179,0.637291,0.582618,0.521991,0.45832,0.394359,0.332523,0.274758,0.222471,0.176515,0.137237,0.104552,0.0780489,0.0570907,0.0409192,0.0287374,0.0197754,0.013334,0.00880945,0.00570287,0.00361738,0.00224829,0.00136922,0.00081706,0.000477753,0.000273731,0.000153682,8.45485e-005,4.55805e-005,2.40797e-005,1.24661e-005,6.32448e-006,3.14447e-006,1.53217e-006,7.31674e-007,3.42444e-007,1.57086e-007,7.06276e-008,3.11255e-008,1.34455e-008,5.69345e-009,2.36334e-009,9.61717e-010,3.8367e-010,1.50064e-010,5.7547e-011,2.1638e-011,7.97774e-012,2.88425e-012,1.02258e-012,3.5555e-013,1.21244e-013,4.05511e-014,1.33031e-014,4.28087e-015,1.35135e-015,4.18494e-016,1.2715e-016,3.79038e-017,1.10869e-017,3.1822e-018,8.9632e-019,2.47768e-019,6.72208e-020,1.79005e-020,4.6791e-021,1.20066e-021,3.02465e-022,7.48085e-023,1.81669e-023,4.33209e-024,1.01444e-024,2.33296e-025,5.26946e-026,1.16906e-026,2.54769e-027,5.45422e-028,1.14716e-028,2.37057e-029,4.8134e-030,9.6041e-031,1.88322e-031,3.62927e-032,6.87455e-033,1.27997e-033,2.34271e-034,4.21526e-035,7.45695e-036,1.29711e-036,2.2188e-037,3.73269e-038,6.1759e-039,1.00499e-039,1.60862e-040,2.53055e-041,3.90582e-042,6.2087e-043,9.74267e-044,0
1.38879e-011,3.9378e-010,1.00596e-009,3.69501e-009,7.41314e-009,1.82124e-008,3.71456e-008,8.24067e-008,1.68926e-007,3.55197e-007,7.14912e-007,1.44017e-006,2.81681e-006,5.45836e-006,1.03354e-005,1.93007e-005,3.53272e-005,6.36285e-005,0.000112496,0.000195497,0.000333723,0.000559653,0.000922143,0.00149236,0.00237298,0.00370592,0.00568568,0.00856776,0.0126815,0.0184364,0.026324,0.036916,0.0508421,0.0687672,0.0913425,0.119145,0.152613,0.191952,0.237067,0.287486,0.342301,0.400164,0.459293,0.517545,0.572536,0.621783,0.662889,0.693742,0.712684,0.718657,0.711312,0.691035,0.658911,0.616636,0.566363,0.51052,0.451614,0.392055,0.333998,0.27922,0.229056,0.184382,0.145637,0.112872,0.0858336,0.0640434,0.0468845,0.0336756,0.0237315,0.0164078,0.0111299,0.00740686,0.00483593,0.00309759,0.00194653,0.00120003,0.000725787,0.000430642,0.000250675,0.000143151,8.01984e-005,4.40786e-005,2.37674e-005,1.25728e-005,6.52504e-006,3.32229e-006,1.65959e-006,8.13359e-007,3.91098e-007,1.84509e-007,8.54065e-008,3.87893e-008,1.72858e-008,7.55852e-009,3.24312e-009,1.36547e-009,5.64166e-010,2.28744e-010,9.10175e-011,3.55425e-011,1.36218e-011,5.12389e-012,1.89174e-012,6.85547e-013,2.43863e-013,8.51539e-014,2.91899e-014,9.82319e-015,3.2455e-015,1.05279e-015,3.35318e-016,1.04869e-016,3.22058e-017,9.71273e-018,2.87669e-018,8.36784e-019,2.3907e-019,6.70897e-020,1.84939e-020,5.00805e-021,1.3323e-021,3.48223e-022,8.9425e-023,2.2565e-023,5.59513e-024,1.36337e-024,3.26493e-025,7.68455e-026,1.77777e-026,4.04276e-027,9.03753e-028,1.98619e-028,4.29161e-029,9.11744e-030,1.90462e-030,3.91255e-031,7.9042e-032,1.57051e-032,3.06932e-033,5.90053e-034,1.11585e-034,2.07587e-035,3.79915e-036,6.8409e-037,1.21231e-037,2.11174e-038,3.60772e-039,6.4218e-040,1.12203e-040,0
1.38879e-011,4.30075e-010,2.67468e-009,6.05605e-009,1.50774e-008,3.0351e-008,6.53045e-008,1.3073e-007,2.67849e-007,5.28399e-007,1.04324e-006,2.00512e-006,3.82214e-006,7.12703e-006,1.31298e-005,2.37207e-005,4.22576e-005,7.39285e-005,0.000127389,0.000215748,0.000359637,0.000589507,0.000950666,0.00150794,0.0023526,0.0036105,0.00544938,0.00809031,0.0118124,0.016963,0.0239567,0.0332736,0.0454491,0.0610479,0.0806388,0.104742,0.133781,0.168018,0.207484,0.251928,0.300757,0.353008,0.40736,0.462144,0.515429,0.565123,0.609091,0.645319,0.672059,0.687961,0.692199,0.684537,0.66534,0.635562,0.596661,0.550475,0.499082,0.444651,0.389284,0.334886,0.283071,0.235099,0.191846,0.153811,0.121153,0.093754,0.0712751,0.0532314,0.0390541,0.0281465,0.0199265,0.0138572,0.00946554,0.00635089,0.00418537,0.00270916,0.00172238,0.00107549,0.000659579,0.000397283,0.000235018,0.000136542,7.79095e-005,4.36587e-005,2.40272e-005,1.29864e-005,6.89324e-006,3.59342e-006,1.83968e-006,9.24966e-007,4.56733e-007,2.21489e-007,1.05488e-007,4.93413e-008,2.26666e-008,1.02267e-008,4.53167e-009,1.97227e-009,8.43079e-010,3.53972e-010,1.45975e-010,5.91302e-011,2.35271e-011,9.19534e-012,3.53037e-012,1.33149e-012,4.93324e-013,1.79564e-013,6.42116e-014,2.25595e-014,7.78722e-015,2.64113e-015,8.80171e-016,2.88226e-016,9.27483e-017,2.93294e-017,9.11475e-018,2.78388e-018,8.35679e-019,2.46566e-019,7.15076e-020,2.03854e-020,5.71287e-021,1.57392e-021,4.26308e-022,1.13528e-022,2.97265e-023,7.65367e-024,1.93778e-024,4.82472e-025,1.1814e-025,2.84514e-026,6.73941e-027,1.57028e-027,3.59912e-028,8.11533e-029,1.80024e-029,3.9291e-030,8.43754e-031,1.78288e-031,3.70717e-032,7.58596e-033,1.52779e-033,3.02876e-034,5.9124e-035,1.134e-035,2.13116e-036,4.2292e-037,8.1637e-038,0
